{"stats":{"minecraft:broken":{"minecraft:stone_pickaxe":1,"minecraft:shield":1,"simpletomb:grave_key":1},"minecraft:custom":{"minecraft:mob_kills":10,"minecraft:interact_with_anvil":2,"minecraft:interact_with_crafting_table":24,"minecraft:open_barrel":1,"minecraft:leave_game":2,"minecraft:time_since_death":22471,"minecraft:climb_one_cm":4751,"minecraft:sprint_one_cm":871832,"minecraft:walk_one_cm":833490,"minecraft:damage_blocked_by_shield":2543,"minecraft:drop":43,"minecraft:talked_to_villager":1,"minecraft:play_time":222212,"minecraft:deaths":35,"minecraft:sneak_time":6471,"minecraft:walk_under_water_one_cm":14262,"minecraft:interact_with_lectern":2,"minecraft:jump":3032,"minecraft:interact_with_blast_furnace":2,"minecraft:walk_on_water_one_cm":6353,"minecraft:total_world_time":222212,"minecraft:interact_with_furnace":7,"minecraft:sleep_in_bed":3,"minecraft:time_since_rest":22555,"minecraft:damage_taken":11076,"minecraft:damage_dealt":2990,"minecraft:swim_one_cm":3837,"minecraft:fly_one_cm":658963,"minecraft:player_kills":1,"minecraft:open_chest":39,"minecraft:crouch_one_cm":19190,"minecraft:fall_one_cm":65808},"minecraft:mined":{"minecraft:candle":1,"minecraft:grass_block":15,"minecraft:jungle_planks":3,"minecraft:spruce_leaves":2,"minecraft:rooted_dirt":1,"minecraft:large_fern":3,"minecraft:iron_ore":1,"minecraft:pumpkin":5,"minecraft:bookshelf":3,"minecraft:deepslate_iron_ore":3,"minecraft:packed_ice":3,"minecraft:stone":97,"sophisticatedbackpacks:backpack":1,"minecraft:green_bed":1,"minecraft:smoker":1,"minecraft:snow_block":6,"graveyard:fire_brazier":8,"minecraft:powder_snow":1,"minecraft:crafting_table":1,"minecraft:torch":2,"minecraft:blast_furnace":1,"minecraft:poppy":1,"minecraft:dead_bush":2,"minecraft:campfire":1,"minecraft:lectern":1,"minecraft:white_candle":2,"graveyard:skeleton_hand":1,"minecraft:grindstone":2,"minecraft:sugar_cane":4,"minecraft:diorite":4,"minecraft:blue_bed":6,"minecraft:coarse_dirt":2,"minecraft:spruce_log":19,"graveyard:skull_pile":1,"minecraft:grass":10,"minecraft:coal_ore":18,"minecraft:dirt":21,"graveyard:leaning_skeleton":1,"minecraft:cobweb":5,"graveyard:small_cyan_urn":1,"minecraft:terracotta":5,"minecraft:wither_skeleton_skull":4},"minecraft:picked_up":{"minecraft:wooden_axe":1,"minecraft:charcoal":2,"minecraft:coarse_dirt":2,"minecraft:crafting_table":1,"minecraft:wheat":1,"minecraft:lead":2,"minecraft:packed_ice":1,"minecraft:wooden_pickaxe":1,"minecraft:enchanted_book":1,"alexsmobs:froststalker_horn":1,"minecraft:shield":1,"minecraft:string":10,"graveyard:corruption":1,"minecraft:candle":3,"minecraft:spruce_planks":16,"minecraft:poppy":1,"minecraft:iron_pickaxe":1,"minecraft:lectern":1,"minecraft:sugar_cane":16,"minecraft:stick":6,"minecraft:raw_iron":3,"iceandfire:dragonbone":65,"minecraft:big_dripleaf":1,"minecraft:torch":4,"minecraft:green_bed":1,"sophisticatedbackpacks:backpack":1,"minecraft:porkchop":6,"minecraft:pointed_dripstone":15,"minecraft:diorite":2,"graveyard:small_cyan_urn":1,"iceandfire:dragon_skull_ice":3,"iceandfire:silver_ingot":3,"minecraft:rotten_flesh":22,"minecraft:shears":1,"minecraft:snowball":63,"minecraft:cobblestone":80,"relics:roller_skates":1,"minecraft:smooth_red_sandstone":1,"minecraft:leather":3,"minecraft:smoker":1,"minecraft:potato":1,"minecraft:tuff":3,"minecraft:gunpowder":18,"minecraft:wither_skeleton_skull":4,"simpletomb:grave_key":1,"alexsmobs:rocky_shell":1,"minecraft:blue_bed":6,"minecraft:dirt":39,"minecraft:chipped_anvil":1,"minecraft:bone":12,"minecraft:wheat_seeds":6,"minecraft:grindstone":2,"minecraft:iron_ingot":1,"minecraft:cobweb":14,"minecraft:moss_block":1,"minecraft:iron_sword":1,"minecraft:book":9,"graveyard:fire_brazier":8,"iceandfire:dragon_horn":1,"minecraft:pumpkin":5,"minecraft:sweet_berries":2,"minecraft:gravel":1,"minecraft:jungle_planks":4,"minecraft:spruce_sapling":3,"minecraft:blast_furnace":1,"minecraft:white_bed":1,"minecraft:spruce_log":21,"minecraft:spider_eye":1,"minecraft:white_candle":7,"minecraft:pumpkin_seeds":4,"minecraft:stone_axe":2,"minecraft:iron_helmet":1,"minecraft:crossbow":1,"alexsmobs:moose_ribs":1,"minecraft:chainmail_helmet":1,"minecraft:terracotta":5,"minecraft:rooted_dirt":1,"minecraft:baked_potato":1,"minecraft:oak_sapling":1,"minecraft:melon_seeds":2,"minecraft:coal":19},"minecraft:crafted":{"minecraft:furnace":2,"minecraft:stone_pickaxe":2,"minecraft:chest":1,"minecraft:wooden_shovel":1,"sophisticatedbackpacks:backpack":1,"minecraft:crafting_table":3,"minecraft:spruce_planks":60,"minecraft:wooden_pickaxe":1,"minecraft:iron_sword":1,"minecraft:stone_axe":1,"minecraft:bread":8,"minecraft:charcoal":1,"minecraft:shield":1,"minecraft:stick":16,"minecraft:iron_ingot":5,"minecraft:iron_pickaxe":1,"minecraft:wooden_axe":1,"iceandfire:dragon_horn":1,"minecraft:torch":32},"minecraft:killed":{"graveyard:revenant":1,"minecraft:trader_llama":2,"minecraft:zombie":3,"alexsmobs:moose":2,"alexsmobs:fly":1,"minecraft:player":1},"minecraft:dropped":{"minecraft:iron_sword":1,"minecraft:wheat_seeds":5,"simpletomb:grave_key":1,"minecraft:iron_helmet":1,"minecraft:leather":7,"minecraft:cobweb":2,"minecraft:dirt":7,"minecraft:packed_ice":1,"minecraft:smooth_red_sandstone":1,"iceandfire:dragon_horn":1,"minecraft:wooden_axe":1,"minecraft:snowball":2,"minecraft:bone_meal":2,"minecraft:iron_pickaxe":1,"minecraft:chipped_anvil":1,"minecraft:string":1,"iceandfire:dragonbone":1,"minecraft:stone_axe":2,"minecraft:tuff":1,"minecraft:pointed_dripstone":15,"minecraft:rotten_flesh":11,"minecraft:wither_skeleton_skull":1,"minecraft:shears":1,"minecraft:potato":11,"minecraft:gunpowder":6,"minecraft:spruce_planks":7,"minecraft:melon_seeds":2,"alexsmobs:moose_ribs":1,"minecraft:spider_eye":1,"minecraft:stone_pickaxe":1,"minecraft:wooden_pickaxe":2},"minecraft:killed_by":{"alexsmobs:froststalker":1,"minecraft:player":2,"alexsmobs:rocky_roller":3,"iceandfire:cyclops":4,"minecraft:stray":3,"minecraft:spider":2,"alexsmobs:tusklin":1,"iceandfire:dread_lich":2,"graveyard:skeleton_creeper":2,"iceandfire:ice_dragon":6,"minecraft:skeleton":2,"minecraft:zombie":3,"alexsmobs:moose":1},"minecraft:used":{"minecraft:shield":66,"minecraft:iron_sword":28,"minecraft:wooden_shovel":6,"minecraft:rotten_flesh":21,"simpletomb:grave_key":121,"minecraft:torch":26,"minecraft:dirt":8,"minecraft:snowball":61,"minecraft:sweet_berries":3,"minecraft:furnace":2,"minecraft:pumpkin":1,"minecraft:wither_skeleton_skull":3,"minecraft:stone_pickaxe":142,"minecraft:baked_potato":1,"minecraft:wooden_pickaxe":15,"minecraft:green_bed":1,"minecraft:blue_bed":5,"minecraft:terracotta":5,"minecraft:crafting_table":4,"minecraft:white_bed":1,"minecraft:shears":1,"sophisticatedbackpacks:backpack":2,"minecraft:bread":8,"minecraft:string":1,"minecraft:iron_pickaxe":10,"minecraft:stone_axe":120,"minecraft:cobblestone":2,"minecraft:porkchop":14,"minecraft:coarse_dirt":1,"minecraft:cobweb":4}},"DataVersion":3465}