{"stats":{"minecraft:mined":{"create:zinc_ore":8,"minecraft:tuff":1,"minecraft:white_bed":1,"iceandfire:silver_ore":9,"minecraft:crafting_table":2,"minecraft:torch":5,"minecraft:blast_furnace":1,"minecraft:chest":3,"minecraft:cobblestone":4,"minecraft:sugar_cane":4,"minecraft:diorite":2,"minecraft:wall_torch":1,"minecraft:iron_ore":17,"minecraft:spruce_log":31,"minecraft:pumpkin":9,"minecraft:deepslate_lapis_ore":4,"minecraft:pointed_dripstone":19,"minecraft:coal_ore":33,"minecraft:deepslate_iron_ore":3,"minecraft:water_cauldron":2,"minecraft:dripstone_block":3,"minecraft:gravel":5,"minecraft:dirt":3,"minecraft:wither_skeleton_skull":1,"minecraft:stone":70},"minecraft:killed":{"minecraft:zombie_villager":1,"alexsmobs:raccoon":1,"minecraft:spider":1,"minecraft:zombie":5,"minecraft:player":1,"artifacts:mimic":1},"minecraft:custom":{"minecraft:interact_with_furnace":5,"minecraft:mob_kills":10,"minecraft:interact_with_crafting_table":14,"minecraft:interact_with_cartography_table":1,"minecraft:open_barrel":3,"minecraft:leave_game":2,"minecraft:time_since_death":2456,"minecraft:time_since_rest":2494,"minecraft:sprint_one_cm":143255,"minecraft:damage_absorbed":40,"minecraft:damage_taken":3802,"minecraft:walk_one_cm":489396,"minecraft:damage_blocked_by_shield":1682,"minecraft:drop":10,"minecraft:damage_dealt":1817,"minecraft:swim_one_cm":727,"minecraft:talked_to_villager":1,"minecraft:player_kills":1,"minecraft:fly_one_cm":94669,"minecraft:open_chest":9,"minecraft:crouch_one_cm":2453,"minecraft:play_time":99260,"minecraft:deaths":10,"minecraft:sneak_time":1139,"minecraft:walk_under_water_one_cm":10897,"minecraft:jump":629,"minecraft:interact_with_blast_furnace":2,"minecraft:walk_on_water_one_cm":21313,"minecraft:total_world_time":99260,"minecraft:fall_one_cm":17598},"minecraft:crafted":{"iceandfire:silver_ingot":6,"minecraft:crafting_table":3,"minecraft:spruce_planks":20,"minecraft:wooden_pickaxe":1,"minecraft:iron_helmet":1,"iceandfire:silver_shovel":1,"minecraft:furnace":1,"minecraft:stone_axe":2,"create:raw_zinc_block":1,"minecraft:iron_boots":1,"minecraft:golden_apple":4,"minecraft:charcoal":4,"minecraft:stick":18,"minecraft:iron_ingot":6,"minecraft:iron_pickaxe":1,"minecraft:stone_pickaxe":1,"minecraft:gold_ingot":54,"minecraft:torch":28,"iceandfire:silver_sword":1},"minecraft:killed_by":{"minecraft:player":2,"alexsmobs:rocky_roller":4,"minecraft:stray":1,"minecraft:creeper":1,"minecraft:zombie":1,"alexsmobs:tusklin":1},"minecraft:dropped":{"minecraft:stone_axe":1,"minecraft:wither_skeleton_skull":4,"minecraft:dirt":1,"relics:roller_skates":1,"alexsmobs:raccoon_tail":1,"croptopia:glowing_calamari":1,"minecraft:spruce_sapling":2},"minecraft:used":{"iceandfire:silver_sword":22,"minecraft:stone_pickaxe":79,"croptopia:glowing_calamari":1,"minecraft:chest":3,"minecraft:wooden_pickaxe":26,"minecraft:spruce_planks":1,"minecraft:shield":30,"minecraft:chainmail_helmet":1,"minecraft:rotten_flesh":8,"simpletomb:grave_key":9,"minecraft:torch":40,"minecraft:golden_apple":4,"minecraft:dirt":2,"minecraft:crafting_table":5,"minecraft:blast_furnace":1,"minecraft:white_bed":1,"minecraft:spruce_fence":1,"minecraft:snowball":6,"minecraft:iron_pickaxe":75,"minecraft:iron_boots":1,"minecraft:stone_axe":57,"minecraft:cobblestone":5,"minecraft:bow":1,"minecraft:sweet_berries":12,"minecraft:furnace":1,"alexsmobs:animal_dictionary":1},"minecraft:picked_up":{"minecraft:crafting_table":2,"relics:roller_skates":2,"minecraft:glow_ink_sac":6,"croptopia:glowing_calamari":4,"minecraft:tuff":1,"create:raw_zinc":10,"minecraft:shield":1,"minecraft:wither_skeleton_skull":4,"minecraft:string":1,"minecraft:lapis_lazuli":31,"minecraft:dirt":3,"minecraft:bone":3,"minecraft:apple":4,"minecraft:bow":1,"minecraft:spruce_planks":7,"alexsmobs:raccoon_tail":2,"minecraft:chest":3,"minecraft:sugar_cane":12,"minecraft:stick":1,"minecraft:raw_iron":21,"minecraft:pumpkin":9,"minecraft:sweet_berries":7,"minecraft:torch":8,"minecraft:dripstone_block":1,"minecraft:gravel":11,"minecraft:spruce_fence":1,"minecraft:pointed_dripstone":28,"minecraft:spruce_sapling":2,"minecraft:blast_furnace":1,"minecraft:diorite":4,"minecraft:white_bed":1,"minecraft:spruce_log":28,"minecraft:cauldron":2,"minecraft:arrow":3,"minecraft:rotten_flesh":8,"minecraft:crossbow":1,"minecraft:chainmail_helmet":1,"minecraft:coal":32,"minecraft:snowball":27,"iceandfire:raw_silver":9,"minecraft:cobblestone":84}},"DataVersion":3465}