{"stats":{"minecraft:killed_by":{"minecraft:player":2,"alexsmobs:rocky_roller":4,"iceandfire:cyclops":3,"minecraft:stray":1,"minecraft:creeper":1,"minecraft:spider":1,"alexsmobs:bison":3,"iceandfire:dread_lich":1,"alexsmobs:tusklin":4,"graveyard:skeleton_creeper":1,"iceandfire:ice_dragon":8,"minecraft:zombie":1,"stalwart_dungeons:incomplete_wither":2},"minecraft:dropped":{"minecraft:baked_potato":1,"minecraft:dripstone_block":1,"simpletomb:grave_key":1,"minecraft:iron_helmet":1,"minecraft:cobblestone":128,"minecraft:chainmail_helmet":1,"minecraft:flint":1,"minecraft:cobweb":6,"minecraft:dirt":28,"relics:roller_skates":2,"iceandfire:silver_sword":2,"minecraft:string":2,"alexsmobs:raccoon_tail":1,"minecraft:bucket":1,"minecraft:spruce_sapling":2,"croptopia:glowing_calamari":1,"minecraft:stone_axe":1,"minecraft:tuff":1,"minecraft:wither_skeleton_skull":4,"minecraft:potato":5,"minecraft:shield":1,"minecraft:gunpowder":6,"iceandfire:silver_ingot":3,"minecraft:stone_pickaxe":1},"minecraft:mined":{"minecraft:yellow_terracotta":1,"create:zinc_ore":8,"minecraft:nether_gold_ore":1,"minecraft:tuff":8,"minecraft:white_bed":1,"minecraft:farmland":3,"iceandfire:silver_ore":9,"iceandfire:frozen_stone":2,"minecraft:spruce_trapdoor":2,"minecraft:grass_block":3,"minecraft:jungle_planks":5,"iceandfire:deepslate_silver_ore":2,"minecraft:soul_soil":1,"minecraft:spruce_leaves":2,"minecraft:rooted_dirt":3,"minecraft:iron_ore":17,"minecraft:pumpkin":10,"minecraft:deepslate_lapis_ore":4,"minecraft:pointed_dripstone":19,"minecraft:water_cauldron":2,"minecraft:deepslate_iron_ore":3,"minecraft:stone":98,"minecraft:soul_fire":1,"minecraft:blackstone":25,"iceandfire:dragon_ice_spikes":75,"minecraft:crafting_table":5,"minecraft:torch":5,"minecraft:blast_furnace":1,"minecraft:chest":4,"minecraft:dead_bush":3,"iceandfire:frozen_dirt":1,"minecraft:nether_quartz_ore":6,"minecraft:cobblestone":5,"minecraft:sugar_cane":6,"minecraft:diorite":2,"minecraft:blue_bed":1,"minecraft:wall_torch":1,"minecraft:coarse_dirt":1,"minecraft:ice":4,"minecraft:spruce_log":38,"minecraft:grass":4,"minecraft:coal_ore":84,"minecraft:gravel":5,"minecraft:dripstone_block":3,"minecraft:dirt":19,"minecraft:cobweb":9,"minecraft:netherrack":4,"minecraft:wither_skeleton_skull":1,"create:raw_zinc_block":1},"minecraft:killed":{"alexsmobs:raccoon":2,"minecraft:spider":1,"alexsmobs:snow_leopard":1,"naturalist:robin":2,"minecraft:skeleton":1,"alexsmobs:straddler":6,"alexsmobs:bison":3,"alexsmobs:tusklin":1,"artifacts:mimic":1,"minecraft:piglin":2,"minecraft:zombie_villager":1,"minecraft:zombie":5,"minecraft:player":1},"minecraft:picked_up":{"minecraft:crafting_table":5,"minecraft:coarse_dirt":1,"waystones:warp_stone":1,"minecraft:potion":1,"alexsmobs:bone_serpent_tooth":1,"minecraft:golden_sword":2,"minecraft:shield":2,"iceandfire:frozen_stone":24,"minecraft:string":10,"minecraft:blackstone":25,"minecraft:gold_nugget":6,"minecraft:bucket":2,"minecraft:spruce_planks":7,"minecraft:beef":21,"alexsmobs:raccoon_tail":2,"minecraft:sugar_cane":17,"minecraft:chest":4,"minecraft:spruce_trapdoor":2,"minecraft:stick":13,"minecraft:raw_iron":21,"create:raw_zinc_block":1,"iceandfire:dragonbone":10,"minecraft:torch":11,"minecraft:spruce_fence":1,"minecraft:porkchop":14,"minecraft:pointed_dripstone":28,"minecraft:diorite":4,"minecraft:cauldron":2,"iceandfire:dragon_skull_ice":1,"minecraft:arrow":9,"minecraft:rotten_flesh":19,"minecraft:yellow_terracotta":1,"minecraft:snowball":32,"minecraft:bone_block":2,"minecraft:cobblestone":117,"minecraft:magma_block":1,"relics:roller_skates":2,"minecraft:feather":2,"minecraft:basalt":14,"minecraft:magma_cream":4,"minecraft:glow_ink_sac":6,"minecraft:leather":7,"minecraft:golden_boots":1,"croptopia:glowing_calamari":4,"minecraft:potato":22,"alexsmobs:bison_fur":3,"minecraft:flint":1,"minecraft:stripped_spruce_wood":13,"minecraft:tuff":8,"create:raw_zinc":10,"minecraft:wither_skeleton_skull":4,"simpletomb:grave_key":1,"minecraft:lapis_lazuli":31,"minecraft:dirt":58,"minecraft:blue_bed":1,"iceandfire:dragonbone_sword_ice":1,"minecraft:bone":8,"minecraft:hanging_roots":4,"minecraft:apple":4,"minecraft:bow":1,"minecraft:wheat_seeds":1,"minecraft:stone_pickaxe":1,"minecraft:iron_ingot":4,"minecraft:cobweb":2,"minecraft:pumpkin":10,"minecraft:sweet_berries":7,"minecraft:quartz":6,"minecraft:dripstone_block":1,"minecraft:gravel":11,"minecraft:jungle_planks":4,"sophisticatedbackpacks:iron_backpack":1,"minecraft:stripped_spruce_log":9,"minecraft:spruce_sapling":2,"minecraft:blast_furnace":1,"minecraft:white_bed":1,"minecraft:spruce_log":40,"iceandfire:frozen_dirt":2,"minecraft:spider_eye":1,"minecraft:slime_ball":5,"iceandfire:silver_sword":3,"iceandfire:dragonbone_bow":1,"minecraft:iron_helmet":1,"minecraft:crossbow":1,"iceandfire:ice_dragon_flesh":2,"minecraft:bone_meal":2,"alexsmobs:moose_ribs":1,"minecraft:chainmail_helmet":1,"minecraft:baked_potato":51,"minecraft:rooted_dirt":3,"minecraft:netherrack":3,"minecraft:coal":83,"iceandfire:raw_silver":11},"minecraft:used":{"iceandfire:silver_sword":121,"croptopia:glowing_calamari":1,"iceandfire:dragon_skull_ice":1,"minecraft:chest":6,"minecraft:spruce_planks":21,"minecraft:shield":95,"minecraft:rotten_flesh":14,"simpletomb:grave_key":36,"minecraft:iron_chestplate":1,"minecraft:torch":75,"minecraft:dirt":24,"alexsmobs:moose_ribs":1,"minecraft:snowball":10,"minecraft:spruce_fence":1,"minecraft:rooted_dirt":3,"minecraft:iron_boots":1,"minecraft:basalt":7,"minecraft:bow":23,"minecraft:sweet_berries":12,"minecraft:furnace":1,"croptopia:cooked_calamari":2,"minecraft:cooked_beef":17,"minecraft:potato":36,"minecraft:pumpkin":1,"minecraft:stripped_spruce_wood":9,"minecraft:iron_leggings":1,"minecraft:wheat_seeds":1,"minecraft:water_bucket":7,"minecraft:blackstone":6,"iceandfire:dragonbone_sword_ice":34,"minecraft:stone_pickaxe":116,"minecraft:baked_potato":16,"minecraft:cauldron":2,"minecraft:wooden_pickaxe":26,"minecraft:chainmail_helmet":1,"minecraft:blue_bed":1,"minecraft:golden_apple":4,"minecraft:crafting_table":11,"minecraft:blast_furnace":1,"minecraft:white_bed":1,"minecraft:iron_pickaxe":252,"minecraft:spruce_trapdoor":2,"create:raw_zinc_block":1,"minecraft:stone_axe":79,"iceandfire:silver_hoe":30,"minecraft:cobblestone":9,"minecraft:porkchop":5,"minecraft:bucket":8,"alexsmobs:animal_dictionary":1,"minecraft:coarse_dirt":1,"minecraft:bone_meal":2,"minecraft:cobweb":2},"minecraft:crafted":{"iceandfire:silver_shovel":1,"minecraft:furnace":1,"minecraft:iron_boots":1,"minecraft:stone_pickaxe":1,"minecraft:chest":2,"croptopia:cooked_calamari":2,"minecraft:cooked_beef":21,"minecraft:emerald":2,"minecraft:arrow":12,"minecraft:cooked_porkchop":9,"iceandfire:silver_ingot":9,"minecraft:baked_potato":13,"minecraft:crafting_table":6,"minecraft:spruce_planks":118,"minecraft:wooden_pickaxe":1,"minecraft:iron_helmet":1,"minecraft:stone_axe":2,"minecraft:air":0,"create:raw_zinc_block":1,"minecraft:iron_chestplate":1,"minecraft:charcoal":4,"minecraft:golden_apple":4,"minecraft:shield":2,"minecraft:stick":90,"minecraft:iron_pickaxe":1,"create:raw_zinc":9,"minecraft:iron_ingot":18,"minecraft:iron_leggings":1,"minecraft:gold_ingot":54,"minecraft:torch":60,"iceandfire:silver_sword":1,"create:zinc_ingot":10,"iceandfire:silver_hoe":1},"minecraft:broken":{"minecraft:golden_boots":1,"minecraft:iron_boots":1,"minecraft:iron_leggings":1,"minecraft:shield":2,"minecraft:iron_pickaxe":1,"minecraft:iron_helmet":1},"minecraft:custom":{"minecraft:mob_kills":27,"minecraft:interact_with_crafting_table":29,"minecraft:open_barrel":3,"minecraft:interact_with_campfire":4,"minecraft:leave_game":3,"minecraft:time_since_death":149,"minecraft:sprint_one_cm":621117,"minecraft:walk_one_cm":1151971,"minecraft:damage_blocked_by_shield":4844,"minecraft:drop":32,"minecraft:talked_to_villager":3,"minecraft:play_time":263459,"minecraft:deaths":35,"minecraft:sneak_time":2592,"minecraft:walk_under_water_one_cm":15382,"minecraft:jump":2323,"minecraft:interact_with_blast_furnace":2,"minecraft:walk_on_water_one_cm":28018,"minecraft:total_world_time":263459,"minecraft:interact_with_furnace":24,"minecraft:traded_with_villager":2,"minecraft:interact_with_cartography_table":1,"minecraft:sleep_in_bed":6,"minecraft:time_since_rest":226,"minecraft:waystone_activated":2,"minecraft:damage_absorbed":40,"minecraft:damage_taken":14368,"minecraft:damage_dealt":5529,"minecraft:swim_one_cm":727,"minecraft:fly_one_cm":340249,"minecraft:player_kills":2,"minecraft:open_chest":41,"minecraft:crouch_one_cm":4101,"minecraft:interact_with_smoker":7,"minecraft:fall_one_cm":53180}},"DataVersion":3465}