{"stats":{"minecraft:crafted":{"iceandfire:silver_shovel":1,"minecraft:iron_boots":1,"minecraft:chest":2,"minecraft:arrow":12,"minecraft:emerald":2,"minecraft:cooked_porkchop":9,"minecraft:crafting_table":6,"minecraft:spruce_planks":182,"minecraft:wooden_pickaxe":1,"minecraft:baked_potato":13,"minecraft:iron_helmet":1,"minecraft:iron_chestplate":1,"minecraft:charcoal":4,"minecraft:shield":2,"minecraft:stick":90,"minecraft:iron_ingot":18,"minecraft:iron_pickaxe":1,"minecraft:snow_block":88,"minecraft:gold_ingot":54,"iceandfire:silver_sword":1,"minecraft:furnace":1,"minecraft:iron_axe":1,"minecraft:stone_pickaxe":1,"croptopia:cooked_calamari":2,"minecraft:cooked_beef":21,"iceandfire:silver_ingot":9,"minecraft:stone_axe":2,"minecraft:air":0,"create:raw_zinc_block":1,"minecraft:golden_apple":4,"create:raw_zinc":9,"minecraft:iron_leggings":1,"minecraft:torch":60,"create:zinc_ingot":10,"iceandfire:silver_hoe":1},"minecraft:broken":{"minecraft:golden_boots":1,"minecraft:iron_boots":1,"minecraft:iron_chestplate":1,"minecraft:iron_leggings":1,"minecraft:shield":2,"minecraft:iron_pickaxe":1,"minecraft:iron_helmet":2},"minecraft:killed_by":{"minecraft:wither_skeleton":1,"iceandfire:cyclops":3,"minecraft:creeper":1,"iceandfire:dread_lich":1,"alexsmobs:tusklin":4,"graveyard:skeleton_creeper":1,"iceandfire:ice_dragon":8,"minecraft:blaze":1,"minecraft:zombie":1,"stalwart_dungeons:reinforced_blaze":3,"stalwart_dungeons:incomplete_wither":2,"minecraft:player":2,"alexsmobs:rocky_roller":4,"minecraft:stray":1,"minecraft:spider":1,"alexsmobs:bison":3,"minecraft:skeleton":1},"minecraft:used":{"iceandfire:dragon_skull_ice":1,"minecraft:shield":104,"minecraft:chest":9,"minecraft:rotten_flesh":14,"minecraft:iron_chestplate":1,"minecraft:soul_sand":7,"minecraft:nether_bricks":10,"minecraft:snowball":10,"minecraft:lantern":1,"minecraft:bow":23,"minecraft:sweet_berries":12,"minecraft:furnace":1,"minecraft:potato":36,"minecraft:stripped_spruce_wood":9,"minecraft:damaged_anvil":1,"minecraft:stone_pickaxe":202,"minecraft:blackstone":8,"iceandfire:dragonbone_sword_ice":93,"minecraft:wooden_pickaxe":26,"minecraft:chainmail_helmet":1,"minecraft:blue_bed":2,"minecraft:golden_apple":4,"stalwart_dungeons:soul_bricks":22,"minecraft:smooth_red_sandstone":20,"minecraft:blast_furnace":1,"minecraft:red_sandstone":1,"minecraft:cut_red_sandstone":5,"minecraft:soul_lantern":1,"minecraft:smooth_red_sandstone_slab":1,"minecraft:coarse_dirt":5,"minecraft:bone_meal":2,"minecraft:cobweb":2,"iceandfire:silver_sword":121,"croptopia:glowing_calamari":1,"minecraft:spruce_planks":93,"minecraft:netherrack":9,"simpletomb:grave_key":49,"minecraft:torch":78,"minecraft:dirt":26,"minecraft:anvil":2,"alexsmobs:moose_ribs":1,"minecraft:nether_brick_slab":2,"minecraft:spruce_fence":1,"minecraft:nether_brick_stairs":2,"minecraft:iron_axe":20,"minecraft:rooted_dirt":3,"minecraft:iron_boots":1,"stalwart_dungeons:soul_magma_bricks":1,"minecraft:barrel":7,"minecraft:smooth_basalt":2,"minecraft:basalt":7,"minecraft:soul_soil":3,"croptopia:cooked_calamari":2,"minecraft:cooked_beef":21,"iceandfire:dragonbone_pickaxe":184,"minecraft:pumpkin":1,"minecraft:iron_leggings":1,"minecraft:wheat_seeds":1,"minecraft:water_bucket":7,"minecraft:baked_potato":28,"minecraft:cauldron":2,"minecraft:terracotta":24,"minecraft:oak_slab":6,"minecraft:crafting_table":11,"minecraft:red_bed":1,"minecraft:white_bed":1,"minecraft:iron_pickaxe":252,"minecraft:spruce_trapdoor":2,"create:raw_zinc_block":1,"minecraft:stone_axe":79,"iceandfire:silver_hoe":30,"minecraft:cobblestone":9,"minecraft:porkchop":5,"minecraft:bucket":8,"alexsmobs:animal_dictionary":1,"iceandfire:silver_shovel":104,"minecraft:soul_torch":1},"minecraft:picked_up":{"waystones:warp_stone":1,"minecraft:nether_brick_fence":3,"minecraft:anvil":2,"minecraft:potion":1,"alexsmobs:bone_serpent_tooth":1,"minecraft:golden_sword":3,"minecraft:string":23,"iceandfire:dragonbone_pickaxe":1,"minecraft:soul_soil":3,"minecraft:red_nether_bricks":1,"minecraft:smooth_red_sandstone_slab":1,"minecraft:red_sand":4,"minecraft:gold_nugget":10,"minecraft:bucket":2,"minecraft:spruce_planks":7,"alexsmobs:raccoon_tail":3,"minecraft:coal_block":4,"minecraft:stick":19,"create:raw_zinc_block":1,"minecraft:torch":14,"minecraft:snow_block":88,"minecraft:porkchop":14,"minecraft:pointed_dripstone":56,"minecraft:diorite":4,"minecraft:cauldron":2,"stalwart_dungeons:soul_magma_bricks":3,"minecraft:cactus":4,"minecraft:rotten_flesh":19,"minecraft:blaze_rod":15,"minecraft:obsidian":4,"minecraft:snowball":380,"minecraft:cobblestone":204,"minecraft:magma_block":59,"relics:roller_skates":2,"minecraft:feather":8,"minecraft:magma_cream":5,"minecraft:potato":22,"alexsmobs:bison_fur":6,"create:raw_zinc":10,"minecraft:flint":1,"minecraft:tuff":8,"minecraft:stripped_spruce_wood":13,"minecraft:wither_skeleton_skull":4,"minecraft:dirt":66,"minecraft:lapis_lazuli":31,"minecraft:lantern":1,"iceandfire:dragonbone_sword_ice":1,"minecraft:bone":15,"stalwart_dungeons:blaze_armor_scrap":15,"minecraft:hanging_roots":8,"minecraft:bow":4,"minecraft:wheat_seeds":1,"minecraft:glowstone_dust":150,"minecraft:cooked_porkchop":9,"minecraft:sand":2,"minecraft:jungle_planks":4,"minecraft:stripped_spruce_log":9,"minecraft:nether_brick_stairs":4,"sophisticatedbackpacks:iron_backpack":1,"alexsmobs:animal_dictionary":1,"minecraft:barrel":8,"iceandfire:frozen_dirt":4,"minecraft:sugar":13,"minecraft:diamond":2,"minecraft:soul_lantern":1,"minecraft:writable_book":5,"minecraft:crossbow":2,"minecraft:bone_meal":2,"minecraft:emerald":2,"alexsmobs:moose_ribs":1,"iceandfire:dragonbone_bow":1,"minecraft:chainmail_helmet":1,"minecraft:rooted_dirt":3,"minecraft:netherrack":14,"iceandfire:raw_silver":13,"minecraft:crafting_table":7,"minecraft:coarse_dirt":5,"artifacts:night_vision_goggles":1,"iceandfire:witherbone":2,"minecraft:nether_wart":31,"minecraft:diamond_horse_armor":2,"stalwart_dungeons:soul_bricks":31,"minecraft:shield":2,"iceandfire:silver_hoe":1,"minecraft:red_bed":1,"iceandfire:frozen_stone":49,"minecraft:item_frame":18,"minecraft:blackstone":25,"minecraft:beef":21,"minecraft:spruce_slab":2,"minecraft:chest":7,"minecraft:sugar_cane":34,"minecraft:spruce_trapdoor":6,"minecraft:raw_iron":21,"iceandfire:dragonbone":20,"minecraft:spruce_fence":1,"minecraft:iron_horse_armor":1,"iceandfire:dragon_skull_ice":1,"iceandfire:silver_ingot":1,"minecraft:arrow":9,"stalwart_dungeons:raw_tungsten":2,"minecraft:nether_bricks":52,"minecraft:yellow_terracotta":2,"minecraft:nether_brick_wall":1,"minecraft:bone_block":21,"minecraft:smooth_red_sandstone_stairs":4,"minecraft:basalt":16,"minecraft:smooth_red_sandstone":20,"minecraft:glow_ink_sac":12,"minecraft:leather":23,"betterend:diamond_hammer":2,"croptopia:glowing_calamari":4,"minecraft:golden_boots":1,"simpletomb:grave_key":1,"minecraft:blue_bed":2,"minecraft:paper":2,"minecraft:red_nether_brick_stairs":3,"minecraft:apple":4,"minecraft:red_sandstone":5,"minecraft:iron_ingot":4,"minecraft:stone_pickaxe":2,"minecraft:cobweb":2,"minecraft:soul_sand":32,"minecraft:book":14,"minecraft:oak_slab":13,"minecraft:smooth_basalt":22,"minecraft:pumpkin":10,"minecraft:sweet_berries":7,"minecraft:quartz":12,"minecraft:dripstone_block":1,"minecraft:gravel":11,"stalwart_dungeons:soul_tiles":1,"minecraft:soul_torch":7,"minecraft:spruce_sapling":2,"minecraft:nether_brick_slab":4,"minecraft:blast_furnace":1,"minecraft:white_bed":1,"minecraft:spruce_log":40,"minecraft:crying_obsidian":8,"minecraft:spider_eye":2,"minecraft:cut_red_sandstone":5,"minecraft:slime_ball":7,"iceandfire:silver_sword":5,"minecraft:iron_helmet":2,"iceandfire:ice_dragon_flesh":2,"minecraft:terracotta":26,"minecraft:baked_potato":57,"minecraft:damaged_anvil":1,"minecraft:coal":134},"minecraft:killed":{"minecraft:spider":1,"alexsmobs:snow_leopard":1,"naturalist:robin":2,"minecraft:skeleton":1,"alexsmobs:straddler":6,"artifacts:mimic":1,"minecraft:piglin":2,"minecraft:zombie_villager":1,"alexsmobs:stradpole":1,"minecraft:zombie":5,"minecraft:vex":1,"alexsmobs:raccoon":2,"alexsmobs:bison":3,"alexsmobs:tusklin":1,"stalwart_dungeons:reinforced_blaze":6,"minecraft:wither_skeleton":5,"minecraft:player":1},"minecraft:custom":{"minecraft:open_barrel":50,"minecraft:interact_with_crafting_table":31,"minecraft:leave_game":4,"minecraft:time_since_death":31370,"minecraft:sprint_one_cm":676812,"minecraft:damage_blocked_by_shield":5589,"minecraft:drop":82,"minecraft:talked_to_villager":3,"minecraft:play_time":354238,"minecraft:deaths":42,"minecraft:jump":2676,"minecraft:walk_on_water_one_cm":28018,"minecraft:interact_with_furnace":24,"minecraft:traded_with_villager":2,"minecraft:interact_with_cartography_table":1,"minecraft:sleep_in_bed":11,"minecraft:waystone_activated":2,"minecraft:damage_dealt":8796,"minecraft:player_kills":2,"minecraft:crouch_one_cm":4101,"minecraft:interact_with_smoker":7,"minecraft:interact_with_anvil":7,"minecraft:mob_kills":40,"minecraft:interact_with_campfire":4,"minecraft:walk_one_cm":1466995,"minecraft:sneak_time":2734,"minecraft:walk_under_water_one_cm":15382,"minecraft:interact_with_blast_furnace":2,"minecraft:total_world_time":354238,"minecraft:time_since_rest":4652,"minecraft:damage_taken":17368,"minecraft:damage_absorbed":40,"minecraft:swim_one_cm":727,"minecraft:fly_one_cm":348231,"minecraft:open_chest":57,"minecraft:fall_one_cm":62821},"minecraft:dropped":{"minecraft:baked_potato":7,"iceandfire:ice_dragon_flesh":1,"minecraft:emerald":2,"minecraft:flint":1,"minecraft:dirt":28,"minecraft:gold_nugget":3,"alexsmobs:raccoon_tail":1,"minecraft:stone_axe":2,"minecraft:blackstone":17,"minecraft:nether_brick_fence":3,"minecraft:gunpowder":6,"minecraft:red_nether_bricks":1,"minecraft:dripstone_block":1,"simpletomb:grave_key":1,"minecraft:cobblestone":128,"minecraft:iron_helmet":1,"minecraft:nether_brick_wall":1,"minecraft:chainmail_helmet":1,"minecraft:cobweb":6,"stalwart_dungeons:soul_bricks":9,"relics:roller_skates":2,"iceandfire:silver_sword":2,"minecraft:string":2,"minecraft:bucket":1,"stalwart_dungeons:soul_tiles":1,"minecraft:spruce_sapling":2,"croptopia:glowing_calamari":1,"minecraft:tuff":1,"iceandfire:witherbone":2,"minecraft:wither_skeleton_skull":4,"minecraft:red_nether_brick_stairs":3,"minecraft:potato":5,"minecraft:shield":1,"iceandfire:silver_ingot":3,"minecraft:bow":3,"minecraft:stone_pickaxe":1,"minecraft:magma_cream":5},"minecraft:mined":{"minecraft:white_bed":1,"minecraft:farmland":3,"minecraft:red_nether_bricks":1,"minecraft:obsidian":3,"minecraft:spruce_trapdoor":4,"minecraft:red_sand":2,"minecraft:smooth_red_sandstone_stairs":2,"minecraft:grass_block":3,"minecraft:coal_block":2,"minecraft:soul_soil":4,"minecraft:nether_wart":15,"minecraft:magma_block":29,"minecraft:glowstone":25,"minecraft:iron_ore":17,"minecraft:barrel":7,"minecraft:pumpkin":10,"minecraft:anvil":1,"minecraft:deepslate_lapis_ore":4,"minecraft:nether_brick_stairs":4,"minecraft:smooth_red_sandstone":21,"minecraft:pointed_dripstone":19,"minecraft:water_cauldron":2,"stalwart_dungeons:soul_magma_bricks":5,"minecraft:red_bed":1,"minecraft:blackstone":25,"minecraft:soul_fire":1,"stalwart_dungeons:soul_tiles":1,"minecraft:soul_lantern":1,"iceandfire:dragon_ice_spikes":75,"minecraft:torch":5,"minecraft:blast_furnace":1,"minecraft:chest":7,"minecraft:dead_bush":5,"minecraft:nether_brick_slab":3,"iceandfire:frozen_dirt":1,"minecraft:nether_quartz_ore":6,"minecraft:cobblestone":5,"minecraft:sugar_cane":6,"minecraft:damaged_anvil":1,"minecraft:wall_torch":2,"minecraft:grass":4,"minecraft:sand":1,"minecraft:dirt":21,"minecraft:smooth_basalt":13,"minecraft:wither_skeleton_skull":1,"minecraft:cut_red_sandstone":5,"minecraft:netherrack":13,"create:raw_zinc_block":1,"create:zinc_ore":8,"minecraft:yellow_terracotta":1,"minecraft:nether_gold_ore":1,"minecraft:crying_obsidian":4,"minecraft:tuff":8,"iceandfire:silver_ore":9,"stalwart_dungeons:soul_bricks":30,"minecraft:nether_brick_wall":1,"minecraft:nether_bricks":28,"iceandfire:frozen_stone":2,"minecraft:jungle_planks":5,"iceandfire:deepslate_silver_ore":2,"minecraft:spruce_leaves":2,"minecraft:cracked_nether_bricks":1,"minecraft:rooted_dirt":3,"minecraft:red_sandstone":5,"minecraft:snow":7,"minecraft:nether_brick_fence":3,"minecraft:deepslate_iron_ore":3,"minecraft:stone":98,"minecraft:bone_block":19,"minecraft:oak_slab":9,"minecraft:soul_sand":16,"minecraft:snow_block":87,"minecraft:crafting_table":7,"minecraft:smooth_red_sandstone_slab":1,"minecraft:diorite":2,"minecraft:blue_bed":2,"minecraft:coarse_dirt":5,"minecraft:ice":4,"minecraft:spruce_log":38,"minecraft:coal_ore":84,"stalwart_dungeons:igniter":2,"minecraft:gravel":5,"minecraft:dripstone_block":3,"minecraft:cobweb":9,"minecraft:terracotta":25}},"DataVersion":3465}