{"stats":{"minecraft:killed_by":{"minecraft:player":2,"alexsmobs:rocky_roller":4,"iceandfire:cyclops":3,"minecraft:stray":1,"minecraft:creeper":1,"minecraft:spider":1,"alexsmobs:bison":3,"alexsmobs:tusklin":4,"minecraft:zombie":1},"minecraft:dropped":{"minecraft:baked_potato":1,"minecraft:dripstone_block":1,"minecraft:iron_helmet":1,"minecraft:cobblestone":128,"minecraft:chainmail_helmet":1,"minecraft:flint":1,"minecraft:cobweb":6,"minecraft:dirt":28,"relics:roller_skates":2,"iceandfire:silver_sword":2,"minecraft:string":2,"alexsmobs:raccoon_tail":1,"minecraft:spruce_sapling":2,"croptopia:glowing_calamari":1,"minecraft:stone_axe":1,"minecraft:tuff":1,"minecraft:wither_skeleton_skull":4,"minecraft:potato":5,"minecraft:shield":1,"minecraft:gunpowder":6,"iceandfire:silver_ingot":3,"minecraft:stone_pickaxe":1},"minecraft:mined":{"create:zinc_ore":8,"minecraft:tuff":1,"minecraft:white_bed":1,"minecraft:farmland":3,"iceandfire:silver_ore":9,"minecraft:spruce_trapdoor":2,"minecraft:jungle_planks":5,"iceandfire:deepslate_silver_ore":2,"minecraft:spruce_leaves":2,"minecraft:rooted_dirt":3,"minecraft:iron_ore":17,"minecraft:pumpkin":9,"minecraft:deepslate_lapis_ore":4,"minecraft:pointed_dripstone":19,"minecraft:water_cauldron":2,"minecraft:deepslate_iron_ore":3,"minecraft:stone":70,"minecraft:crafting_table":3,"minecraft:torch":5,"minecraft:blast_furnace":1,"minecraft:chest":4,"minecraft:dead_bush":3,"minecraft:cobblestone":4,"minecraft:sugar_cane":6,"minecraft:diorite":2,"minecraft:blue_bed":1,"minecraft:wall_torch":1,"minecraft:coarse_dirt":1,"minecraft:ice":4,"minecraft:spruce_log":38,"minecraft:grass":4,"minecraft:coal_ore":33,"minecraft:gravel":5,"minecraft:dripstone_block":3,"minecraft:dirt":11,"minecraft:cobweb":5,"minecraft:wither_skeleton_skull":1,"create:raw_zinc_block":1},"minecraft:killed":{"alexsmobs:raccoon":2,"minecraft:spider":1,"alexsmobs:snow_leopard":1,"naturalist:robin":2,"alexsmobs:bison":1,"alexsmobs:tusklin":1,"artifacts:mimic":1,"minecraft:zombie_villager":1,"minecraft:zombie":5,"minecraft:player":1},"minecraft:picked_up":{"minecraft:crafting_table":3,"minecraft:coarse_dirt":1,"waystones:warp_stone":1,"minecraft:shield":2,"minecraft:string":8,"minecraft:bucket":1,"minecraft:spruce_planks":7,"minecraft:beef":7,"alexsmobs:raccoon_tail":2,"minecraft:sugar_cane":17,"minecraft:chest":4,"minecraft:spruce_trapdoor":2,"minecraft:stick":13,"minecraft:raw_iron":21,"create:raw_zinc_block":1,"iceandfire:dragonbone":10,"minecraft:torch":11,"minecraft:spruce_fence":1,"minecraft:porkchop":14,"minecraft:pointed_dripstone":28,"minecraft:diorite":4,"minecraft:cauldron":2,"iceandfire:dragon_skull_ice":1,"minecraft:arrow":6,"minecraft:rotten_flesh":14,"minecraft:snowball":32,"minecraft:cobblestone":84,"relics:roller_skates":2,"minecraft:feather":2,"minecraft:glow_ink_sac":6,"minecraft:leather":7,"croptopia:glowing_calamari":4,"minecraft:potato":22,"alexsmobs:bison_fur":1,"minecraft:stripped_spruce_wood":13,"minecraft:tuff":1,"create:raw_zinc":10,"minecraft:wither_skeleton_skull":4,"minecraft:lapis_lazuli":31,"minecraft:dirt":48,"minecraft:blue_bed":1,"minecraft:bone":3,"minecraft:hanging_roots":4,"minecraft:apple":4,"minecraft:bow":1,"minecraft:wheat_seeds":1,"minecraft:iron_ingot":4,"minecraft:cobweb":2,"minecraft:pumpkin":9,"minecraft:sweet_berries":7,"minecraft:dripstone_block":1,"minecraft:gravel":11,"minecraft:jungle_planks":4,"minecraft:stripped_spruce_log":9,"minecraft:spruce_sapling":2,"minecraft:blast_furnace":1,"minecraft:white_bed":1,"minecraft:spruce_log":40,"minecraft:spider_eye":1,"iceandfire:silver_sword":3,"minecraft:iron_helmet":1,"minecraft:crossbow":1,"minecraft:bone_meal":2,"alexsmobs:moose_ribs":1,"minecraft:chainmail_helmet":1,"minecraft:baked_potato":35,"minecraft:rooted_dirt":3,"minecraft:coal":32,"iceandfire:raw_silver":11},"minecraft:used":{"iceandfire:silver_sword":88,"croptopia:glowing_calamari":1,"iceandfire:dragon_skull_ice":1,"minecraft:chest":6,"minecraft:spruce_planks":1,"minecraft:shield":69,"minecraft:rotten_flesh":14,"simpletomb:grave_key":20,"minecraft:iron_chestplate":1,"minecraft:torch":40,"minecraft:dirt":20,"alexsmobs:moose_ribs":1,"minecraft:snowball":10,"minecraft:spruce_fence":1,"minecraft:rooted_dirt":3,"minecraft:iron_boots":1,"minecraft:bow":14,"minecraft:sweet_berries":12,"minecraft:furnace":1,"croptopia:cooked_calamari":2,"minecraft:potato":36,"minecraft:stripped_spruce_wood":9,"minecraft:iron_leggings":1,"minecraft:wheat_seeds":1,"minecraft:water_bucket":7,"minecraft:stone_pickaxe":79,"minecraft:baked_potato":6,"minecraft:wooden_pickaxe":26,"minecraft:chainmail_helmet":1,"minecraft:blue_bed":1,"minecraft:golden_apple":4,"minecraft:crafting_table":7,"minecraft:blast_furnace":1,"minecraft:white_bed":1,"minecraft:iron_pickaxe":80,"minecraft:spruce_trapdoor":2,"create:raw_zinc_block":1,"minecraft:stone_axe":77,"iceandfire:silver_hoe":30,"minecraft:cobblestone":5,"minecraft:porkchop":5,"minecraft:bucket":7,"alexsmobs:animal_dictionary":1,"minecraft:bone_meal":2,"minecraft:cobweb":2},"minecraft:crafted":{"iceandfire:silver_shovel":1,"minecraft:furnace":1,"minecraft:iron_boots":1,"minecraft:stone_pickaxe":1,"minecraft:chest":2,"croptopia:cooked_calamari":2,"minecraft:arrow":8,"iceandfire:silver_ingot":9,"minecraft:crafting_table":5,"minecraft:spruce_planks":66,"minecraft:wooden_pickaxe":1,"minecraft:iron_helmet":1,"minecraft:stone_axe":2,"minecraft:air":0,"create:raw_zinc_block":1,"minecraft:iron_chestplate":1,"minecraft:charcoal":4,"minecraft:golden_apple":4,"minecraft:shield":1,"minecraft:stick":18,"minecraft:iron_pickaxe":1,"create:raw_zinc":9,"minecraft:iron_ingot":18,"minecraft:iron_leggings":1,"minecraft:gold_ingot":54,"minecraft:torch":28,"iceandfire:silver_sword":1,"create:zinc_ingot":10,"iceandfire:silver_hoe":1},"minecraft:broken":{"minecraft:shield":2},"minecraft:custom":{"minecraft:mob_kills":16,"minecraft:interact_with_crafting_table":24,"minecraft:open_barrel":3,"minecraft:interact_with_campfire":4,"minecraft:leave_game":3,"minecraft:time_since_death":3224,"minecraft:sprint_one_cm":445213,"minecraft:walk_one_cm":827865,"minecraft:damage_blocked_by_shield":3416,"minecraft:drop":30,"minecraft:talked_to_villager":1,"minecraft:play_time":185459,"minecraft:deaths":21,"minecraft:sneak_time":2144,"minecraft:walk_under_water_one_cm":14284,"minecraft:jump":1424,"minecraft:interact_with_blast_furnace":2,"minecraft:walk_on_water_one_cm":23775,"minecraft:total_world_time":185459,"minecraft:interact_with_furnace":24,"minecraft:interact_with_cartography_table":1,"minecraft:sleep_in_bed":3,"minecraft:time_since_rest":3261,"minecraft:waystone_activated":1,"minecraft:damage_absorbed":40,"minecraft:damage_taken":8362,"minecraft:damage_dealt":2970,"minecraft:swim_one_cm":727,"minecraft:fly_one_cm":273122,"minecraft:player_kills":2,"minecraft:open_chest":33,"minecraft:crouch_one_cm":3046,"minecraft:fall_one_cm":35704}},"DataVersion":3465}