{"stats":{"minecraft:custom":{"minecraft:interact_with_furnace":23,"minecraft:mob_kills":20,"minecraft:interact_with_crafting_table":14,"minecraft:time_since_death":36157,"minecraft:sleep_in_bed":4,"minecraft:time_since_rest":363,"minecraft:sprint_one_cm":143600,"minecraft:damage_taken":3989,"minecraft:walk_one_cm":346606,"minecraft:damage_blocked_by_shield":60,"minecraft:drop":7,"minecraft:damage_dealt":3520,"minecraft:swim_one_cm":1479,"minecraft:fly_one_cm":120850,"minecraft:player_kills":5,"minecraft:crouch_one_cm":151,"minecraft:play_time":71638,"minecraft:deaths":12,"minecraft:sneak_time":96,"minecraft:walk_under_water_one_cm":74,"minecraft:boat_one_cm":12421,"minecraft:jump":1275,"minecraft:walk_on_water_one_cm":662,"minecraft:total_world_time":71638,"minecraft:fall_one_cm":32423},"minecraft:dropped":{"minecraft:cooked_beef":3,"minecraft:oak_planks":1,"minecraft:apple":1,"minecraft:beef":2},"minecraft:mined":{"minecraft:stripped_birch_log":2,"minecraft:crafting_table":3,"minecraft:short_grass":2,"minecraft:grass_block":24,"minecraft:cobblestone":8,"minecraft:oak_planks":18,"minecraft:sugar_cane":1,"minecraft:furnace":3,"minecraft:birch_log":23,"minecraft:iron_ore":9,"minecraft:birch_leaves":9,"minecraft:oak_log":36,"minecraft:coal_ore":54,"minecraft:sand":3,"minecraft:gravel":7,"minecraft:dirt":21,"minecraft:stone":111,"minecraft:oak_leaves":26},"minecraft:crafted":{"minecraft:cooked_beef":2,"minecraft:sugar":3,"minecraft:oak_planks":136,"minecraft:cooked_porkchop":4,"minecraft:crafting_table":1,"minecraft:wooden_pickaxe":2,"minecraft:cooked_chicken":4,"minecraft:furnace":2,"minecraft:birch_planks":88,"minecraft:stone_axe":2,"minecraft:air":0,"minecraft:stick":16,"minecraft:stone_pickaxe":2,"minecraft:white_bed":1,"minecraft:torch":48},"minecraft:killed_by":{"minecraft:player":9,"minecraft:zombie":3},"minecraft:used":{"minecraft:stone_sword":47,"minecraft:birch_planks":41,"minecraft:stone_pickaxe":198,"minecraft:oak_planks":86,"minecraft:wooden_pickaxe":18,"minecraft:shield":11,"minecraft:cooked_chicken":2,"minecraft:torch":23,"minecraft:dirt":32,"minecraft:crafting_table":3,"minecraft:white_bed":2,"minecraft:iron_axe":3,"minecraft:gravel":4,"minecraft:stone_axe":118,"minecraft:cobblestone":29,"minecraft:furnace":5,"minecraft:oak_sapling":5,"minecraft:cooked_porkchop":3,"minecraft:cooked_beef":6},"minecraft:picked_up":{"minecraft:birch_log":22,"minecraft:crafting_table":4,"minecraft:iron_chestplate":2,"minecraft:feather":10,"minecraft:cooked_beef":7,"minecraft:chicken":2,"minecraft:leather":3,"minecraft:birch_planks":44,"minecraft:flint":1,"minecraft:oak_log":34,"minecraft:shield":1,"minecraft:stripped_birch_log":1,"minecraft:dirt":45,"minecraft:iron_axe":2,"minecraft:bone":1,"minecraft:apple":2,"minecraft:wheat_seeds":1,"minecraft:beef":8,"minecraft:iron_ingot":4,"minecraft:stone_pickaxe":2,"minecraft:sugar_cane":3,"minecraft:birch_sapling":1,"minecraft:oak_planks":61,"minecraft:furnace":3,"minecraft:stick":28,"minecraft:raw_iron":14,"minecraft:cooked_porkchop":5,"minecraft:torch":7,"minecraft:gravel":6,"minecraft:porkchop":20,"minecraft:sand":3,"minecraft:white_bed":1,"minecraft:stone_sword":4,"minecraft:stone_axe":5,"minecraft:oak_sapling":40,"minecraft:mutton":4,"minecraft:coal":225,"minecraft:white_wool":3,"minecraft:cobblestone":133},"minecraft:killed":{"minecraft:pig":10,"minecraft:sheep":3,"minecraft:skeleton":1,"minecraft:chicken":2,"minecraft:cow":4}},"DataVersion":4082}