{"stats":{"minecraft:custom":{"minecraft:time_since_rest":187,"minecraft:interact_with_furnace":4,"minecraft:sprint_one_cm":60471,"minecraft:damage_taken":3511,"minecraft:walk_one_cm":176883,"minecraft:damage_blocked_by_shield":60,"minecraft:mob_kills":2,"minecraft:drop":1,"minecraft:damage_dealt":1740,"minecraft:player_kills":5,"minecraft:interact_with_crafting_table":6,"minecraft:fly_one_cm":47251,"minecraft:deaths":12,"minecraft:crouch_one_cm":6,"minecraft:play_time":35638,"minecraft:sneak_time":5,"minecraft:jump":770,"minecraft:time_since_death":157,"minecraft:walk_on_water_one_cm":223,"minecraft:total_world_time":35638,"minecraft:fall_one_cm":21030},"minecraft:dropped":{"minecraft:oak_planks":1},"minecraft:mined":{"minecraft:furnace":2,"minecraft:iron_ore":9,"minecraft:birch_log":17,"minecraft:stripped_birch_log":2,"minecraft:birch_leaves":8,"minecraft:crafting_table":2,"minecraft:short_grass":2,"minecraft:grass_block":1,"minecraft:coal_ore":30,"minecraft:oak_log":10,"minecraft:gravel":1,"minecraft:dirt":7,"minecraft:stone":75,"minecraft:oak_planks":16,"minecraft:oak_leaves":9},"minecraft:crafted":{"minecraft:oak_planks":40,"minecraft:stick":8,"minecraft:cooked_chicken":2,"minecraft:wooden_pickaxe":1,"minecraft:stone_pickaxe":1,"minecraft:furnace":1,"minecraft:torch":16,"minecraft:birch_planks":64,"minecraft:stone_axe":1,"minecraft:air":0},"minecraft:killed_by":{"minecraft:player":9,"minecraft:zombie":3},"minecraft:used":{"minecraft:stone_sword":47,"minecraft:iron_axe":3,"minecraft:birch_planks":16,"minecraft:stone_pickaxe":118,"minecraft:oak_planks":46,"minecraft:shield":11,"minecraft:wooden_pickaxe":8,"minecraft:cooked_chicken":2,"minecraft:stone_axe":44,"minecraft:torch":12,"minecraft:dirt":8,"minecraft:cobblestone":4,"minecraft:crafting_table":1,"minecraft:oak_sapling":1,"minecraft:furnace":3,"minecraft:cooked_porkchop":3},"minecraft:picked_up":{"minecraft:birch_log":16,"minecraft:iron_chestplate":2,"minecraft:raw_iron":14,"minecraft:stick":22,"minecraft:crafting_table":3,"minecraft:feather":10,"minecraft:chicken":2,"minecraft:cooked_porkchop":5,"minecraft:torch":7,"minecraft:birch_planks":43,"minecraft:gravel":2,"minecraft:porkchop":3,"minecraft:oak_log":10,"minecraft:shield":1,"minecraft:dirt":8,"minecraft:stripped_birch_log":1,"minecraft:iron_axe":2,"minecraft:stone_sword":4,"minecraft:stone_axe":5,"minecraft:wheat_seeds":1,"minecraft:iron_ingot":4,"minecraft:stone_pickaxe":2,"minecraft:oak_sapling":28,"minecraft:birch_sapling":1,"minecraft:oak_planks":26,"minecraft:coal":201,"minecraft:cobblestone":89,"minecraft:furnace":2},"minecraft:killed":{"minecraft:chicken":2}},"DataVersion":4082}