{"stats":{"minecraft:custom":{"minecraft:time_since_rest":1187,"minecraft:interact_with_furnace":4,"minecraft:sprint_one_cm":35969,"minecraft:damage_taken":325,"minecraft:walk_one_cm":121329,"minecraft:mob_kills":2,"minecraft:drop":1,"minecraft:damage_dealt":384,"minecraft:player_kills":1,"minecraft:interact_with_crafting_table":6,"minecraft:fly_one_cm":21398,"minecraft:deaths":1,"minecraft:crouch_one_cm":6,"minecraft:play_time":23638,"minecraft:sneak_time":5,"minecraft:jump":424,"minecraft:time_since_death":954,"minecraft:walk_on_water_one_cm":223,"minecraft:total_world_time":23638,"minecraft:fall_one_cm":9237},"minecraft:dropped":{"minecraft:oak_planks":1},"minecraft:mined":{"minecraft:furnace":2,"minecraft:iron_ore":6,"minecraft:birch_log":13,"minecraft:stripped_birch_log":1,"minecraft:birch_leaves":1,"minecraft:crafting_table":2,"minecraft:short_grass":1,"minecraft:grass_block":1,"minecraft:coal_ore":30,"minecraft:oak_log":5,"minecraft:gravel":1,"minecraft:dirt":7,"minecraft:stone":75,"minecraft:oak_planks":9,"minecraft:oak_leaves":2},"minecraft:crafted":{"minecraft:oak_planks":20,"minecraft:stick":8,"minecraft:cooked_chicken":2,"minecraft:wooden_pickaxe":1,"minecraft:stone_pickaxe":1,"minecraft:furnace":1,"minecraft:torch":16,"minecraft:birch_planks":52,"minecraft:stone_axe":1,"minecraft:air":0},"minecraft:killed_by":{"minecraft:player":1},"minecraft:used":{"minecraft:birch_planks":5,"minecraft:stone_pickaxe":115,"minecraft:oak_planks":21,"minecraft:wooden_pickaxe":8,"minecraft:cooked_chicken":2,"minecraft:stone_axe":32,"minecraft:torch":10,"minecraft:dirt":8,"minecraft:crafting_table":1,"minecraft:furnace":3},"minecraft:picked_up":{"minecraft:birch_log":13,"minecraft:raw_iron":6,"minecraft:stick":7,"minecraft:crafting_table":3,"minecraft:feather":4,"minecraft:chicken":2,"minecraft:torch":3,"minecraft:birch_planks":43,"minecraft:gravel":2,"minecraft:porkchop":3,"minecraft:oak_log":5,"minecraft:dirt":8,"minecraft:stripped_birch_log":1,"minecraft:stone_sword":1,"minecraft:stone_axe":2,"minecraft:stone_pickaxe":2,"minecraft:oak_sapling":7,"minecraft:birch_sapling":1,"minecraft:oak_planks":10,"minecraft:coal":117,"minecraft:cobblestone":74,"minecraft:furnace":2},"minecraft:killed":{"minecraft:chicken":2}},"DataVersion":4082}