{"stats":{"minecraft:custom":{"minecraft:time_since_rest":1297,"minecraft:sprint_one_cm":47663,"minecraft:damage_taken":555,"minecraft:walk_one_cm":30971,"minecraft:mob_kills":4,"minecraft:drop":13,"minecraft:damage_dealt":538,"minecraft:player_kills":1,"minecraft:interact_with_crafting_table":5,"minecraft:fly_one_cm":45643,"minecraft:crouch_one_cm":781,"minecraft:play_time":23578,"minecraft:deaths":2,"minecraft:sneak_time":226,"minecraft:jump":377,"minecraft:time_since_death":1264,"minecraft:total_world_time":23578,"minecraft:climb_one_cm":98,"minecraft:fall_one_cm":9189},"minecraft:dropped":{"minecraft:gravel":1,"minecraft:stone_axe":1,"minecraft:birch_planks":43,"minecraft:torch":3,"minecraft:wooden_axe":1,"minecraft:crafting_table":1,"minecraft:oak_sapling":3,"minecraft:stone_pickaxe":1,"minecraft:wooden_pickaxe":3},"minecraft:mined":{"minecraft:birch_log":9,"minecraft:torch":2,"minecraft:coal_ore":20,"minecraft:grass_block":4,"minecraft:oak_log":41,"minecraft:dirt":13,"minecraft:stone":23,"minecraft:oak_leaves":4},"minecraft:crafted":{"minecraft:crafting_table":2,"minecraft:stick":16,"minecraft:wooden_pickaxe":2,"minecraft:stone_pickaxe":2,"minecraft:wooden_axe":1,"minecraft:stone_sword":2,"minecraft:birch_planks":36,"minecraft:stone_axe":2},"minecraft:killed_by":{"minecraft:player":1,"minecraft:skeleton":1},"minecraft:used":{"minecraft:apple":2,"minecraft:stone_sword":10,"minecraft:stone_pickaxe":21,"minecraft:wooden_pickaxe":24,"minecraft:stone_axe":45,"minecraft:torch":2,"minecraft:cobblestone":13,"minecraft:crafting_table":2},"minecraft:picked_up":{"minecraft:birch_log":9,"minecraft:crafting_table":1,"minecraft:stick":11,"minecraft:raw_iron":6,"minecraft:feather":4,"minecraft:chicken":2,"minecraft:torch":8,"minecraft:wooden_pickaxe":1,"minecraft:gravel":1,"minecraft:birch_planks":43,"minecraft:porkchop":3,"minecraft:oak_log":41,"minecraft:stripped_birch_log":1,"minecraft:dirt":17,"minecraft:stone_sword":1,"minecraft:apple":2,"minecraft:stone_axe":2,"minecraft:stone_pickaxe":2,"minecraft:oak_sapling":16,"minecraft:birch_sapling":3,"minecraft:oak_planks":8,"minecraft:coal":20,"minecraft:cobblestone":83},"minecraft:killed":{"minecraft:zombie":1,"minecraft:chicken":2}},"DataVersion":4082}