{"stats":{"minecraft:custom":{"minecraft:interact_with_anvil":2,"minecraft:mob_kills":107,"minecraft:interact_with_crafting_table":48,"minecraft:open_barrel":8,"minecraft:bell_ring":6,"minecraft:damage_dealt_resisted":216,"minecraft:leave_game":3,"minecraft:time_since_death":59538,"minecraft:climb_one_cm":20331,"minecraft:sprint_one_cm":593393,"minecraft:walk_one_cm":710596,"minecraft:damage_blocked_by_shield":1295,"minecraft:drop":62,"minecraft:talked_to_villager":11,"minecraft:play_time":225073,"minecraft:sneak_time":4060,"minecraft:deaths":11,"minecraft:walk_under_water_one_cm":18134,"minecraft:boat_one_cm":30034,"minecraft:jump":4257,"minecraft:interact_with_blast_furnace":34,"minecraft:walk_on_water_one_cm":15192,"minecraft:total_world_time":225073,"minecraft:interact_with_furnace":30,"minecraft:traded_with_villager":1,"minecraft:sleep_in_bed":4,"minecraft:time_since_rest":23295,"minecraft:damage_taken":7354,"minecraft:damage_dealt":15304,"minecraft:swim_one_cm":65383,"minecraft:fly_one_cm":748215,"minecraft:open_chest":102,"minecraft:crouch_one_cm":12113,"minecraft:interact_with_smoker":30,"minecraft:fall_one_cm":105234},"minecraft:killed":{"battle_allays:crossbowvex":3,"undead_revamp2:thehunter":2,"minecraft:spider":2,"battle_allays:void_vex":1,"undead_revamp2:bomber":2,"minecraft:skeleton":6,"minecraft:chicken":9,"minecraft:drowned":1,"artifacts:mimic":1,"battle_allays:shadowofvex":1,"minecraft:pig":16,"minecraft:zombie_villager":2,"undead_revamp2:the_moonflower":1,"minecraft:creeper":1,"minecraft:sheep":18,"minecraft:zombie":10,"minecraft:enderman":1,"minecraft:cow":27},"minecraft:used":{"minecraft:stone_sword":76,"minecraft:iron_shovel":756,"iceandfire:armor_copper_metal_leggings":1,"minecraft:poppy":1,"minecraft:chest":9,"minecraft:shield":22,"minecraft:stone_hoe":64,"minecraft:cooked_salmon":4,"simpletomb:grave_key":3,"minecraft:torch":337,"minecraft:dirt":153,"minecraft:anvil":2,"scalinghealth:heart_crystal":1,"minecraft:carrot":5,"iceandfire:spawn_egg_fire_dragon":1,"minecraft:azure_bluet":1,"minecraft:granite":2,"minecraft:lantern":2,"minecraft:iron_axe":761,"minecraft:oak_stairs":1,"minecraft:birch_sapling":12,"minecraft:iron_helmet":1,"minecraft:iron_boots":1,"minecraft:stone_bricks":1,"minecraft:red_carpet":1,"minecraft:iron_trapdoor":1,"minecraft:oak_sapling":1,"minecraft:furnace":7,"minecraft:potato":18,"minecraft:cooked_beef":10,"minecraft:wheat_seeds":16,"minecraft:water_bucket":31,"battle_allays:chestinchest":20,"minecraft:oak_planks":2,"minecraft:stone_pickaxe":131,"minecraft:composter":1,"minecraft:sugar_cane":3,"minecraft:wooden_pickaxe":10,"minecraft:cobblestone_slab":1,"minecraft:white_wool":5,"minecraft:rail":1,"minecraft:sand":14,"minecraft:oak_slab":3,"minecraft:crafting_table":10,"minecraft:red_bed":3,"minecraft:blast_furnace":4,"minecraft:black_bed":1,"minecraft:pumpkin_seeds":9,"minecraft:smoker":1,"iceandfire:silver_pickaxe":461,"minecraft:black_wool":2,"iceandfire:armor_copper_metal_chestplate":1,"minecraft:dark_oak_log":5,"minecraft:bread":38,"minecraft:iron_pickaxe":54,"minecraft:lectern":1,"minecraft:spruce_trapdoor":1,"minecraft:stone_axe":260,"minecraft:cobblestone":87,"minecraft:smithing_table":2,"minecraft:dark_oak_fence":62,"minecraft:cooked_porkchop":8,"minecraft:bucket":31,"minecraft:dandelion":1},"minecraft:crafted":{"minecraft:oak_planks":36,"minecraft:cooked_chicken":6,"minecraft:birch_slab":12,"minecraft:furnace":3,"iceandfire:armor_copper_metal_leggings":1,"minecraft:white_carpet":3,"minecraft:cooked_mutton":23,"minecraft:dark_oak_fence":93,"sophisticatedbackpacks:copper_backpack":1,"minecraft:iron_axe":4,"iceandfire:armor_copper_metal_chestplate":1,"minecraft:stone_pickaxe":1,"minecraft:chest":15,"minecraft:dark_oak_planks":376,"minecraft:stone_hoe":1,"sophisticatedbackpacks:iron_backpack":1,"minecraft:wheat":126,"minecraft:cooked_beef":42,"minecraft:oak_slab":6,"sophisticatedbackpacks:backpack":1,"iceandfire:silver_ingot":11,"minecraft:cooked_porkchop":10,"minecraft:crafting_table":6,"minecraft:wooden_pickaxe":1,"minecraft:iron_helmet":1,"minecraft:copper_ingot":60,"sophisticatedbackpacks:gold_backpack":1,"minecraft:bucket":1,"minecraft:birch_planks":78,"minecraft:pumpkin_seeds":16,"minecraft:stone_axe":3,"minecraft:enchanted_book":1,"minecraft:bread":42,"minecraft:air":0,"iceandfire:armor_silver_metal_helmet":1,"minecraft:iron_chestplate":1,"minecraft:shield":1,"minecraft:stick":224,"minecraft:iron_ingot":51,"minecraft:iron_pickaxe":1,"minecraft:iron_shovel":3,"minecraft:stone_sword":2,"minecraft:iron_leggings":1,"minecraft:gold_ingot":39,"minecraft:composter":1,"minecraft:torch":204,"iceandfire:silver_pickaxe":1},"minecraft:dropped":{"minecraft:oak_slab":3,"minecraft:wheat_seeds":1,"minecraft:feather":2,"minecraft:crossbow":1,"iceandfire:armor_copper_metal_chestplate":1,"minecraft:book":1,"minecraft:leather":22,"minecraft:copper_ingot":1,"minecraft:red_carpet":1,"minecraft:cobweb":1,"battle_allays:vexs_stuff":2,"minecraft:iron_door":1,"minecraft:oak_stairs":2,"minecraft:gold_nugget":50,"minecraft:white_banner":3,"iceandfire:spawn_egg_fire_dragon":1,"iceandfire:armor_silver_metal_helmet":1,"minecraft:string":43,"minecraft:bone":6,"battle_allays:shadow_vex_stuff":6,"minecraft:stone_axe":2,"minecraft:coarse_dirt":4,"undead_revamp2:arapholia":2,"minecraft:tuff":3,"minecraft:birch_sapling":47,"minecraft:rotten_flesh":18,"minecraft:leather_chestplate":1,"minecraft:gunpowder":1,"minecraft:cyan_banner":1,"minecraft:spider_eye":4,"minecraft:arrow":2,"minecraft:wooden_pickaxe":2,"iceandfire:armor_copper_metal_leggings":1},"minecraft:mined":{"undead_revamp2:arapholia":3,"minecraft:red_carpet":1,"minecraft:tuff":3,"iceandfire:silver_ore":12,"minecraft:dark_oak_log":553,"minecraft:spruce_trapdoor":1,"minecraft:granite":2,"minecraft:dark_oak_fence":2,"minecraft:grass_block":535,"minecraft:oak_pressure_plate":2,"minecraft:spawner":2,"minecraft:hay_block":23,"minecraft:furnace":4,"minecraft:iron_ore":49,"minecraft:deepslate_lapis_ore":7,"minecraft:anvil":2,"minecraft:azure_bluet":1,"minecraft:gold_block":1,"minecraft:oak_stairs":15,"minecraft:bookshelf":1,"minecraft:deepslate_iron_ore":5,"minecraft:rail":1,"minecraft:lantern":1,"minecraft:stripped_oak_log":5,"minecraft:white_banner":1,"minecraft:stone":312,"minecraft:white_wool":8,"minecraft:smithing_table":2,"minecraft:oak_slab":4,"minecraft:red_bed":3,"minecraft:smoker":1,"minecraft:powder_snow":43,"minecraft:oak_fence":3,"minecraft:crafting_table":4,"minecraft:blast_furnace":4,"minecraft:emerald_ore":16,"minecraft:poppy":1,"minecraft:chest":2,"minecraft:lectern":1,"minecraft:tall_grass":4,"minecraft:copper_ore":20,"minecraft:cobblestone":39,"minecraft:deepslate_gold_ore":23,"minecraft:oak_planks":9,"minecraft:diorite":2,"minecraft:iron_door":1,"minecraft:wall_torch":6,"minecraft:coarse_dirt":6,"minecraft:birch_log":123,"minecraft:tnt":7,"minecraft:black_bed":2,"minecraft:white_wall_banner":2,"minecraft:grass":23,"minecraft:oak_log":33,"minecraft:coal_ore":130,"minecraft:sand":14,"minecraft:dirt":217,"minecraft:cobweb":68,"minecraft:stone_bricks":1,"minecraft:oak_leaves":11,"minecraft:iron_trapdoor":1,"minecraft:deepslate":8},"minecraft:broken":{"minecraft:iron_shovel":2,"minecraft:stone_sword":1,"iceandfire:silver_pickaxe":1,"minecraft:stone_pickaxe":1,"minecraft:iron_axe":3,"minecraft:stone_axe":1},"minecraft:picked_up":{"minecraft:crafting_table":5,"minecraft:coarse_dirt":4,"minecraft:azure_bluet":1,"minecraft:chicken":9,"minecraft:iron_trapdoor":1,"minecraft:anvil":2,"minecraft:smithing_table":2,"minecraft:wooden_pickaxe":1,"minecraft:oak_stairs":17,"minecraft:gold_block":1,"battle_allays:chestinchest":20,"minecraft:string":49,"minecraft:red_bed":3,"minecraft:raw_copper":60,"minecraft:gold_nugget":50,"minecraft:cobbled_deepslate":9,"minecraft:beef":55,"minecraft:cobblestone_slab":1,"minecraft:poppy":1,"minecraft:light_gray_wool":1,"minecraft:lectern":1,"minecraft:sugar_cane":12,"minecraft:chest":2,"minecraft:birch_sapling":59,"minecraft:spruce_trapdoor":1,"minecraft:furnace":4,"minecraft:golden_helmet":1,"minecraft:dark_oak_sapling":59,"minecraft:stick":44,"minecraft:raw_iron":54,"minecraft:oak_fence":3,"minecraft:torch":162,"minecraft:porkchop":33,"minecraft:carrot":5,"minecraft:golden_chestplate":1,"minecraft:tnt":7,"minecraft:arrow":6,"minecraft:rotten_flesh":26,"minecraft:hay_block":23,"undead_revamp2:arapholia":2,"minecraft:stripped_oak_log":5,"minecraft:mutton":23,"minecraft:rail":1,"minecraft:white_wool":19,"minecraft:cobblestone":350,"minecraft:birch_log":121,"minecraft:feather":11,"minecraft:iron_door":1,"minecraft:black_bed":1,"minecraft:leather":19,"minecraft:golden_leggings":1,"minecraft:smoker":1,"artifacts:anglers_hat":1,"minecraft:tuff":3,"minecraft:oak_log":33,"minecraft:gunpowder":1,"scalinghealth:heart_crystal":1,"minecraft:lapis_lazuli":42,"minecraft:dirt":723,"minecraft:lantern":2,"minecraft:white_banner":3,"minecraft:red_carpet":2,"minecraft:bone":9,"minecraft:apple":15,"minecraft:stone_bricks":1,"minecraft:wheat_seeds":17,"minecraft:raw_gold":23,"minecraft:cobweb":1,"minecraft:oak_planks":9,"minecraft:book":3,"minecraft:oak_slab":4,"battle_allays:shadow_vex_stuff":7,"minecraft:cooked_porkchop":17,"battle_allays:vexs_stuff":2,"minecraft:dandelion":1,"minecraft:oak_pressure_plate":3,"minecraft:sand":14,"minecraft:blast_furnace":4,"minecraft:grass_block":1,"minecraft:dark_oak_log":444,"minecraft:spider_eye":5,"minecraft:cyan_banner":1,"minecraft:crossbow":1,"minecraft:granite":2,"minecraft:emerald":16,"minecraft:oak_sapling":17,"minecraft:dark_oak_fence":2,"minecraft:black_wool":2,"minecraft:coal":229,"iceandfire:raw_silver":11,"minecraft:ender_pearl":1}},"DataVersion":3465}