{"stats":{"minecraft:dropped":{"battle_allays:shadow_vex_stuff":2,"minecraft:stone_axe":1,"minecraft:birch_sapling":47,"minecraft:white_banner":3,"minecraft:arrow":1,"minecraft:wooden_pickaxe":2,"minecraft:bone":3},"minecraft:killed":{"battle_allays:shadowofvex":1,"minecraft:pig":7,"undead_revamp2:thehunter":1,"minecraft:spider":1,"minecraft:sheep":9,"minecraft:skeleton":1,"minecraft:zombie":3,"minecraft:chicken":5,"minecraft:cow":6},"minecraft:broken":{"minecraft:stone_sword":1,"minecraft:stone_axe":1},"minecraft:mined":{"iceandfire:silver_ore":7,"minecraft:dark_oak_log":45,"minecraft:copper_ore":13,"minecraft:cobblestone":7,"minecraft:diorite":2,"minecraft:wall_torch":1,"minecraft:spawner":1,"minecraft:hay_block":12,"minecraft:furnace":1,"minecraft:birch_log":118,"minecraft:tnt":3,"minecraft:white_wall_banner":2,"minecraft:grass":5,"minecraft:coal_ore":50,"minecraft:sand":14,"minecraft:cobweb":65,"minecraft:white_banner":1,"minecraft:stone":33,"minecraft:white_wool":8},"minecraft:crafted":{"minecraft:cooked_beef":6,"minecraft:cooked_porkchop":6,"iceandfire:silver_ingot":5,"minecraft:crafting_table":3,"minecraft:wooden_pickaxe":1,"minecraft:cooked_chicken":5,"minecraft:furnace":2,"minecraft:birch_planks":28,"minecraft:stone_axe":3,"minecraft:cooked_mutton":10,"minecraft:air":0,"minecraft:stick":12,"minecraft:stone_pickaxe":1,"minecraft:stone_sword":2,"minecraft:torch":64},"minecraft:used":{"minecraft:stone_sword":66,"minecraft:stone_pickaxe":111,"minecraft:wooden_pickaxe":10,"simpletomb:grave_key":3,"minecraft:torch":1,"minecraft:sand":4,"minecraft:crafting_table":3,"minecraft:black_wool":1,"minecraft:bread":1,"minecraft:birch_sapling":12,"minecraft:iron_boots":1,"minecraft:stone_axe":243,"minecraft:furnace":3,"minecraft:cooked_porkchop":4,"minecraft:cooked_beef":4},"minecraft:picked_up":{"minecraft:birch_log":116,"minecraft:feather":6,"minecraft:chicken":5,"minecraft:leather":2,"minecraft:wooden_pickaxe":1,"minecraft:string":46,"minecraft:white_banner":3,"minecraft:raw_copper":39,"minecraft:bone":3,"minecraft:apple":1,"minecraft:beef":9,"minecraft:light_gray_wool":1,"minecraft:sugar_cane":5,"minecraft:birch_sapling":59,"minecraft:furnace":1,"minecraft:dark_oak_sapling":6,"minecraft:stick":16,"battle_allays:shadow_vex_stuff":2,"minecraft:torch":1,"minecraft:porkchop":13,"minecraft:sand":14,"minecraft:dark_oak_log":45,"minecraft:spider_eye":1,"minecraft:tnt":3,"minecraft:arrow":1,"minecraft:hay_block":12,"minecraft:black_wool":1,"minecraft:mutton":12,"minecraft:white_wool":12,"minecraft:coal":50,"iceandfire:raw_silver":7,"minecraft:cobblestone":36},"minecraft:custom":{"minecraft:interact_with_furnace":7,"minecraft:mob_kills":34,"minecraft:interact_with_crafting_table":8,"minecraft:bell_ring":3,"minecraft:damage_dealt_resisted":54,"minecraft:leave_game":1,"minecraft:time_since_death":22895,"minecraft:climb_one_cm":933,"minecraft:time_since_rest":22923,"minecraft:sprint_one_cm":136445,"minecraft:damage_taken":2207,"minecraft:walk_one_cm":114494,"minecraft:drop":13,"minecraft:damage_dealt":3845,"minecraft:swim_one_cm":2592,"minecraft:talked_to_villager":3,"minecraft:fly_one_cm":167505,"minecraft:open_chest":12,"minecraft:crouch_one_cm":1415,"minecraft:play_time":41621,"minecraft:deaths":4,"minecraft:sneak_time":752,"minecraft:walk_under_water_one_cm":3170,"minecraft:jump":871,"minecraft:walk_on_water_one_cm":5836,"minecraft:interact_with_smoker":10,"minecraft:total_world_time":41621,"minecraft:fall_one_cm":18794}},"DataVersion":3465}