{"stats":{"minecraft:killed_by":{"iceandfire:cyclops":1,"minecraft:creeper":2,"graveyard:acolyte":3,"alexsmobs:tusklin":2,"mutantmonsters:mutant_creeper":2,"iceandfire:ice_dragon":12,"minecraft:zombie":3,"minecraft:player":3,"alexsmobs:rocky_roller":1,"iceandfire:hydra":1,"minecraft:slime":1,"minecraft:skeleton":2,"graveyard:corrupted_vindicator":2,"alexsmobs:moose":3},"minecraft:dropped":{"minecraft:spruce_sign":1,"minecraft:baked_potato":40,"minecraft:weeping_vines":2,"iceandfire:frozen_dirt":35,"minecraft:glow_berries":1,"minecraft:warped_roots":1,"minecraft:leather":1,"minecraft:fletching_table":1,"graveyard:corruption":87,"minecraft:emerald":1,"minecraft:cobblestone_stairs":2,"minecraft:dirt":35,"minecraft:red_bed":1,"minecraft:crimson_roots":1,"minecraft:cracked_deepslate_tiles":5,"minecraft:snowball":299,"minecraft:iron_pickaxe":3,"iceandfire:armor_silver_metal_helmet":1,"alexsmobs:raccoon_tail":1,"minecraft:blue_bed":1,"minecraft:bone":1,"minecraft:cauldron":2,"minecraft:gravel":1,"graveyard:dark_iron_trapdoor":2,"minecraft:stone_axe":1,"minecraft:blackstone":7,"minecraft:sugar_cane":5,"alexsmobs:animal_dictionary":2,"minecraft:cobbled_deepslate":116,"minecraft:pointed_dripstone":7,"graveyard:dark_iron_ingot":25,"minecraft:rotten_flesh":6,"minecraft:enchanted_golden_apple":1,"iceandfire:frozen_stone":8,"minecraft:jungle_trapdoor":1,"minecraft:white_bed":1,"iceandfire:frozen_grass":4,"waystones:warp_stone":1,"stalwart_dungeons:diamond_hammer":1,"minecraft:poppy":2,"minecraft:tipped_arrow":2,"minecraft:deepslate_tiles":9,"minecraft:chest":2,"minecraft:ladder":75,"minecraft:spruce_slab":3,"minecraft:beef":2,"minecraft:written_book":1,"minecraft:cartography_table":2,"minecraft:oak_slab":1,"minecraft:wheat_seeds":3,"graveyard:warped_coffin":3,"minecraft:dripstone_block":2,"minecraft:poisonous_potato":10,"minecraft:iron_helmet":1,"minecraft:feather":10,"minecraft:cobblestone":22,"minecraft:book":3,"minecraft:apple":4,"minecraft:amethyst_block":8,"minecraft:spruce_door":5,"graveyard:bone_dagger":1,"minecraft:chainmail_helmet":1,"minecraft:coal":44,"minecraft:stick":20,"minecraft:deepslate_brick_stairs":1,"relics:roller_skates":1,"minecraft:diorite":2,"minecraft:smooth_red_sandstone":2,"minecraft:torch":2,"iceandfire:silver_sword":5,"minecraft:wooden_axe":1,"minecraft:gray_bed":1,"minecraft:smooth_quartz":3,"iceandfire:armor_silver_metal_chestplate":1,"minecraft:brown_terracotta":3,"minecraft:green_carpet":3,"minecraft:oak_stairs":6,"minecraft:chipped_anvil":1,"minecraft:cactus":10,"minecraft:bucket":3,"minecraft:spruce_sapling":4,"croptopia:glowing_calamari":2,"minecraft:polished_deepslate":8,"minecraft:smooth_basalt":3,"alexsmobs:maggot":2,"create:ochrum":12,"minecraft:jungle_fence_gate":1,"betterend:diamond_hammer":1,"minecraft:stone_sword":1,"minecraft:raw_copper":8,"minecraft:green_bed":1,"minecraft:tuff":2,"minecraft:composter":1,"minecraft:stone_shovel":1,"minecraft:polished_deepslate_slab":12,"minecraft:clay_ball":1,"iceandfire:dragon_skull_ice":3,"minecraft:cobbled_deepslate_slab":3,"minecraft:polished_deepslate_stairs":37,"minecraft:deepslate_bricks":4,"minecraft:shield":1,"minecraft:flower_pot":2,"graveyard:spruce_coffin":33,"minecraft:spruce_planks":2,"minecraft:iron_chestplate":1,"minecraft:andesite":1,"minecraft:brown_bed":1,"minecraft:stone_pressure_plate":1,"minecraft:spider_eye":12,"minecraft:barrel":3,"minecraft:red_sand":2,"minecraft:stone_pickaxe":2,"minecraft:wooden_pickaxe":1,"graveyard:sarcophagus":30,"minecraft:cracked_deepslate_bricks":1,"minecraft:calcite":8,"graveyard:vase_block":3,"graveyard:dark_iron_bars":1,"minecraft:terracotta":9},"minecraft:mined":{"minecraft:dark_oak_planks":1,"minecraft:spruce_planks":3,"minecraft:stone_pressure_plate":1,"minecraft:farmland":14,"minecraft:cobblestone_stairs":2,"minecraft:potted_blue_orchid":1,"minecraft:brewing_stand":1,"minecraft:carved_pumpkin":2,"minecraft:spruce_trapdoor":5,"minecraft:potted_dead_bush":1,"minecraft:red_sand":3,"minecraft:smooth_red_sandstone_stairs":2,"minecraft:grass_block":24,"graveyard:warped_coffin":1,"minecraft:deepslate_bricks":9,"minecraft:composter":1,"minecraft:spawner":6,"minecraft:iron_ore":18,"minecraft:barrel":1,"minecraft:cobbled_deepslate":19,"minecraft:pumpkin":6,"minecraft:deepslate_lapis_ore":4,"minecraft:fletching_table":1,"minecraft:brown_bed":2,"minecraft:smooth_red_sandstone":9,"minecraft:pointed_dripstone":2,"minecraft:polished_deepslate_slab":13,"minecraft:water_cauldron":1,"minecraft:iron_bars":5,"minecraft:oak_stairs":10,"minecraft:deepslate_brick_stairs":3,"minecraft:green_carpet":3,"minecraft:spruce_slab":7,"minecraft:green_bed":1,"minecraft:jungle_trapdoor":1,"graveyard:light_gray_urn":1,"minecraft:red_bed":5,"minecraft:blackstone":1,"graveyard:dark_iron_trapdoor":2,"minecraft:polished_deepslate_stairs":45,"minecraft:soul_fire":17,"graveyard:spruce_coffin":29,"minecraft:powder_snow":5,"iceandfire:dragon_ice_spikes":1,"minecraft:torch":24,"minecraft:chest":5,"minecraft:dead_bush":3,"iceandfire:frozen_dirt":35,"iceandfire:sapphire_ore":4,"minecraft:cobblestone":121,"minecraft:white_candle":2,"minecraft:oak_planks":3,"minecraft:sugar_cane":5,"graveyard:lying_skeleton":1,"minecraft:wall_torch":9,"minecraft:amethyst_block":1,"minecraft:blue_ice":2,"minecraft:grass":1,"minecraft:cracked_deepslate_tiles":8,"minecraft:sand":1,"minecraft:dirt":324,"minecraft:cut_red_sandstone":12,"minecraft:wither_skeleton_skull":1,"create:crimsite":1,"minecraft:deepslate":38,"create:zinc_ore":25,"minecraft:deepslate_tiles":11,"minecraft:tuff":2,"iceandfire:silver_ore":8,"minecraft:cobbled_deepslate_slab":7,"minecraft:ladder":8,"iceandfire:frozen_stone":11,"minecraft:jungle_planks":2,"iceandfire:frozen_grass":4,"graveyard:tg_deepslate":8,"minecraft:crimson_roots":1,"minecraft:weeping_vines":1,"create:ochrum":12,"iceandfire:deepslate_silver_ore":3,"minecraft:spruce_leaves":45,"minecraft:moss_block":1,"minecraft:cartography_table":1,"minecraft:rooted_dirt":1,"minecraft:large_fern":4,"minecraft:spruce_sapling":1,"minecraft:furnace":3,"minecraft:red_sandstone":4,"minecraft:snow":13,"minecraft:polished_deepslate":6,"graveyard:sarcophagus":21,"minecraft:bookshelf":2,"minecraft:potatoes":4,"minecraft:deepslate_iron_ore":14,"minecraft:lantern":1,"minecraft:stone":354,"minecraft:white_wool":1,"minecraft:jungle_fence_gate":1,"minecraft:oak_slab":2,"minecraft:snow_block":46,"minecraft:spruce_door":5,"iceandfire:frozen_gravel":1,"minecraft:crafting_table":3,"minecraft:cobbled_deepslate_wall":4,"minecraft:lectern":131,"minecraft:deepslate_coal_ore":6,"minecraft:deepslate_gold_ore":7,"minecraft:cracked_deepslate_bricks":1,"minecraft:diorite":2,"minecraft:blue_bed":10,"minecraft:spruce_stairs":1,"graveyard:vase_block":3,"graveyard:skull_with_rib_cage":1,"minecraft:ice":13,"minecraft:spruce_log":194,"minecraft:yellow_bed":2,"minecraft:coal_ore":106,"minecraft:flower_pot":1,"graveyard:leaning_skeleton":1,"minecraft:dripstone_block":2,"minecraft:gray_carpet":2,"minecraft:brown_terracotta":3,"minecraft:cobweb":71,"minecraft:terracotta":15,"minecraft:chipped_anvil":1,"minecraft:fern":1},"minecraft:killed":{"minecraft:spider":4,"naturalist:robin":1,"graveyard:wraith":2,"alexsmobs:froststalker":3,"minecraft:skeleton":2,"graveyard:acolyte":6,"minecraft:fox":1,"minecraft:pig":6,"minecraft:zombie_villager":2,"minecraft:iron_golem":1,"minecraft:zombie":14,"minecraft:stray":1,"alexsmobs:fly":1,"graveyard:corrupted_pillager":10,"minecraft:cow":1,"graveyard:corrupted_vindicator":13,"alexsmobs:raccoon":3,"graveyard:revenant":1,"alexsmobs:tusklin":5,"alexsmobs:rocky_roller":1,"iceandfire:cyclops":1,"alexsmobs:cockroach":1,"alexsmobs:moose":1,"minecraft:player":4,"minecraft:villager":1},"minecraft:picked_up":{"minecraft:wooden_axe":1,"minecraft:iron_chestplate":1,"minecraft:wheat":5,"minecraft:flower_pot":4,"minecraft:oak_stairs":10,"minecraft:brown_bed":2,"minecraft:wither_rose":6,"minecraft:enchanted_book":12,"minecraft:brewing_stand":1,"minecraft:amethyst_block":30,"minecraft:polished_deepslate":8,"minecraft:string":70,"minecraft:raw_copper":61,"graveyard:sarcophagus":30,"minecraft:oak_sign":3,"minecraft:deepslate_tiles":9,"minecraft:red_sand":4,"minecraft:cobbled_deepslate":239,"minecraft:bucket":3,"minecraft:spruce_planks":63,"minecraft:calcite":8,"alexsmobs:raccoon_tail":1,"minecraft:smooth_quartz":3,"minecraft:iron_pickaxe":6,"minecraft:enchanted_golden_apple":1,"minecraft:furnace":3,"minecraft:tipped_arrow":2,"minecraft:stick":27,"minecraft:composter":1,"minecraft:brown_terracotta":3,"minecraft:polished_deepslate_stairs":41,"minecraft:torch":88,"minecraft:green_bed":2,"iceandfire:dragonscales_white":32,"minecraft:spruce_stairs":1,"minecraft:porkchop":29,"minecraft:pointed_dripstone":9,"minecraft:diorite":2,"graveyard:dark_iron_trapdoor":2,"minecraft:cauldron":2,"minecraft:stone_sword":1,"minecraft:cactus":10,"minecraft:rotten_flesh":115,"create:ochrum":12,"graveyard:warped_coffin":3,"minecraft:carved_pumpkin":2,"minecraft:deepslate_brick_stairs":3,"minecraft:iron_bars":5,"minecraft:snowball":420,"minecraft:cobblestone":458,"iceandfire:sapphire_gem":4,"minecraft:feather":3,"minecraft:oxidized_copper":14,"minecraft:andesite":1,"minecraft:potato":495,"minecraft:flint":1,"minecraft:tuff":2,"create:raw_zinc":23,"minecraft:wither_skeleton_skull":3,"minecraft:lapis_lazuli":30,"minecraft:dirt":383,"minecraft:lantern":2,"minecraft:bone":445,"minecraft:chipped_anvil":2,"minecraft:wheat_seeds":5,"minecraft:cobbled_deepslate_wall":1,"minecraft:raw_gold":68,"minecraft:cobbled_deepslate_slab":3,"minecraft:fletching_table":1,"minecraft:diamond_helmet":1,"minecraft:moss_block":1,"minecraft:oak_planks":12,"graveyard:bone_dagger":1,"minecraft:poisonous_potato":10,"minecraft:sand":1,"minecraft:jungle_planks":2,"minecraft:dead_bush":8,"minecraft:red_terracotta":2,"iceandfire:frozen_dirt":35,"minecraft:barrel":3,"alexsmobs:animal_dictionary":1,"minecraft:white_candle":11,"create:crimsite":1,"minecraft:diamond":3,"waystones:waystone":2,"minecraft:chainmail_helmet":1,"minecraft:bone_meal":87,"minecraft:golden_apple":1,"alexsmobs:moose_ribs":3,"minecraft:spruce_sign":1,"minecraft:emerald":28,"alexsmobs:maggot":2,"minecraft:rooted_dirt":1,"minecraft:crimson_roots":1,"iceandfire:raw_silver":12,"minecraft:crafting_table":3,"minecraft:ladder":9,"minecraft:clay_ball":1,"graveyard:dark_iron_ingot":25,"minecraft:packed_ice":2,"minecraft:shield":2,"iceandfire:frozen_grass":4,"minecraft:jungle_trapdoor":1,"minecraft:red_bed":4,"iceandfire:frozen_stone":8,"minecraft:iron_shovel":3,"minecraft:blackstone":8,"minecraft:blue_orchid":1,"graveyard:corruption":89,"minecraft:cartography_table":2,"minecraft:candle":16,"minecraft:beef":3,"minecraft:poppy":2,"minecraft:spruce_slab":7,"minecraft:lectern":133,"minecraft:sugar_cane":13,"minecraft:chest":5,"minecraft:spruce_trapdoor":5,"minecraft:raw_iron":59,"iceandfire:dragonbone":37,"minecraft:polished_deepslate_slab":15,"minecraft:copper_ingot":19,"minecraft:jungle_fence_gate":1,"graveyard:dark_iron_bars":1,"minecraft:carrot":1,"minecraft:stone_pressure_plate":1,"minecraft:dark_oak_planks":1,"iceandfire:dragon_skull_ice":6,"iceandfire:cyclops_eye":1,"minecraft:weeping_vines":2,"minecraft:deepslate_bricks":8,"minecraft:cracked_deepslate_bricks":2,"artifacts:cross_necklace":1,"minecraft:mutton":3,"minecraft:gold_ingot":8,"minecraft:glow_berries":1,"minecraft:white_wool":3,"minecraft:cracked_deepslate_tiles":5,"minecraft:smooth_red_sandstone_stairs":2,"minecraft:smooth_red_sandstone":9,"betterend:diamond_hammer":1,"minecraft:leather":13,"croptopia:glowing_calamari":1,"graveyard:spruce_coffin":34,"stalwart_dungeons:diamond_hammer":1,"artifacts:superstitious_hat":1,"minecraft:yellow_bed":2,"minecraft:gunpowder":130,"minecraft:cobblestone_stairs":2,"minecraft:blue_bed":12,"minecraft:gray_carpet":2,"minecraft:red_sandstone":4,"minecraft:iron_ingot":22,"minecraft:cobweb":602,"minecraft:gray_bed":1,"minecraft:iron_sword":1,"minecraft:book":22,"minecraft:oak_slab":2,"minecraft:smooth_basalt":3,"minecraft:black_candle":13,"minecraft:pumpkin":6,"minecraft:dripstone_block":2,"minecraft:gravel":1,"minecraft:amethyst_shard":45,"minecraft:spruce_sapling":11,"minecraft:spruce_log":229,"minecraft:green_carpet":3,"minecraft:spruce_door":6,"minecraft:spider_eye":4,"minecraft:cut_red_sandstone":12,"graveyard:vase_block":4,"iceandfire:silver_sword":5,"minecraft:terracotta":15,"minecraft:baked_potato":45,"minecraft:coal":287,"minecraft:ender_pearl":14},"minecraft:used":{"minecraft:moss_block":1,"minecraft:red_sand":2,"minecraft:iron_shovel":251,"minecraft:spruce_slab":8,"iceandfire:dragon_skull_ice":1,"minecraft:oak_sign":3,"minecraft:shield":107,"minecraft:chest":6,"minecraft:iron_sword":80,"minecraft:rotten_flesh":15,"minecraft:iron_chestplate":1,"betterend:diamond_hammer":7,"graveyard:vase_block":1,"minecraft:snowball":121,"minecraft:obsidian":10,"minecraft:polished_deepslate_stairs":4,"minecraft:packed_ice":2,"iceandfire:armor_white_boots":1,"minecraft:lava_bucket":5,"minecraft:lantern":2,"minecraft:iron_helmet":1,"minecraft:furnace":6,"minecraft:egg":1,"minecraft:potato":61,"iceandfire:armor_white_leggings":2,"minecraft:cactus":1,"minecraft:spruce_door":1,"minecraft:oak_planks":4,"minecraft:stone_pickaxe":19,"minecraft:gray_carpet":2,"minecraft:blackstone":1,"create:crimsite":1,"minecraft:wooden_pickaxe":7,"minecraft:sugar_cane":8,"minecraft:blue_bed":11,"graveyard:spruce_coffin":1,"minecraft:sand":1,"minecraft:smooth_red_sandstone":7,"minecraft:deepslate_brick_stairs":2,"waystones:waystone":2,"minecraft:red_sandstone":2,"minecraft:bread":21,"minecraft:lectern":134,"minecraft:cut_red_sandstone":12,"minecraft:red_terracotta":2,"alexsmobs:cooked_moose_ribs":3,"minecraft:diamond_sword":45,"minecraft:bone_meal":3,"minecraft:experience_bottle":20,"minecraft:iron_bars":5,"minecraft:stone_sword":130,"iceandfire:silver_sword":343,"minecraft:flint_and_steel":1,"minecraft:cracked_deepslate_bricks":1,"minecraft:carved_pumpkin":2,"iceandfire:armor_white_helmet":3,"croptopia:glowing_calamari":1,"minecraft:spruce_planks":74,"simpletomb:grave_key":54,"minecraft:stone_hoe":57,"minecraft:dirt":335,"minecraft:torch":170,"minecraft:brewing_stand":1,"minecraft:spruce_stairs":1,"minecraft:diamond_helmet":1,"iceandfire:armor_silver_metal_helmet":1,"minecraft:dark_oak_planks":1,"minecraft:chipped_anvil":1,"minecraft:rooted_dirt":1,"minecraft:iron_axe":302,"minecraft:oak_stairs":4,"stalwart_dungeons:diamond_hammer":4,"minecraft:iron_boots":1,"minecraft:pointed_dripstone":2,"minecraft:brown_bed":1,"minecraft:pumpkin":1,"minecraft:cobbled_deepslate_wall":1,"minecraft:cobbled_deepslate":26,"minecraft:iron_leggings":1,"sophisticatedbackpacks:gold_backpack":2,"minecraft:water_bucket":33,"minecraft:amethyst_block":1,"minecraft:baked_potato":70,"minecraft:green_bed":1,"minecraft:leather_boots":1,"minecraft:deepslate_bricks":4,"minecraft:polished_deepslate_slab":3,"minecraft:terracotta":6,"minecraft:crafting_table":9,"minecraft:oak_slab":1,"minecraft:red_bed":3,"minecraft:smooth_red_sandstone_stairs":2,"minecraft:spruce_log":7,"minecraft:smoker":1,"minecraft:flower_pot":2,"minecraft:apple":5,"minecraft:iron_pickaxe":1024,"minecraft:spruce_trapdoor":7,"minecraft:spruce_sapling":7,"minecraft:stone_axe":108,"minecraft:cobblestone":456,"minecraft:porkchop":5,"minecraft:cooked_porkchop":4,"minecraft:bucket":39,"minecraft:yellow_bed":2},"minecraft:crafted":{"sophisticatedbackpacks:crafting_upgrade":1,"minecraft:bookshelf":2,"minecraft:iron_boots":2,"minecraft:chest":5,"minecraft:stone_hoe":1,"minecraft:smoker":1,"minecraft:emerald":37,"sophisticatedbackpacks:backpack":1,"minecraft:cooked_porkchop":24,"minecraft:crafting_table":7,"minecraft:spruce_planks":764,"minecraft:iron_helmet":1,"minecraft:wooden_pickaxe":1,"minecraft:baked_potato":333,"create:zinc_nugget":189,"minecraft:copper_ingot":76,"iceandfire:armor_white_boots":1,"waystones:warp_stone":2,"sophisticatedbackpacks:upgrade_base":1,"minecraft:spruce_trapdoor":2,"minecraft:lectern":2,"minecraft:iron_chestplate":2,"minecraft:charcoal":7,"minecraft:shield":3,"iceandfire:armor_white_helmet":1,"sophisticatedbackpacks:diamond_backpack":1,"minecraft:stick":911,"minecraft:iron_pickaxe":3,"minecraft:iron_ingot":47,"iceandfire:armor_white_chestplate":1,"minecraft:stone_sword":1,"minecraft:gold_ingot":7,"iceandfire:silver_sword":1,"minecraft:stone_shovel":1,"iceandfire:dragon_stick":1,"minecraft:furnace":5,"minecraft:bone_meal":3,"minecraft:flint_and_steel":1,"minecraft:iron_axe":2,"minecraft:ladder":66,"minecraft:spruce_slab":12,"minecraft:stone_pickaxe":1,"sophisticatedbackpacks:iron_backpack":1,"minecraft:diamond_sword":1,"iceandfire:silver_ingot":12,"alexsmobs:cooked_moose_ribs":3,"sophisticatedbackpacks:gold_backpack":1,"minecraft:bucket":2,"minecraft:stone_axe":2,"minecraft:enchanted_book":9,"minecraft:air":0,"iceandfire:armor_white_leggings":1,"create:zinc_block":1,"minecraft:iron_leggings":2,"minecraft:white_bed":1,"minecraft:torch":88,"create:zinc_ingot":63},"minecraft:broken":{"minecraft:iron_shovel":1,"minecraft:iron_boots":1,"minecraft:iron_chestplate":1,"minecraft:iron_leggings":1,"minecraft:stone_axe":1,"minecraft:iron_sword":1,"minecraft:stone_sword":1,"minecraft:shield":3,"minecraft:iron_axe":1,"minecraft:leather_boots":1,"minecraft:iron_pickaxe":5},"minecraft:custom":{"minecraft:interact_with_crafting_table":75,"minecraft:open_barrel":15,"minecraft:bell_ring":4,"minecraft:leave_game":6,"minecraft:time_since_death":9428,"minecraft:sprint_one_cm":732223,"minecraft:damage_blocked_by_shield":3557,"minecraft:drop":378,"minecraft:talked_to_villager":258,"minecraft:play_time":473975,"minecraft:deaths":40,"minecraft:jump":7917,"minecraft:interact_with_brewingstand":2,"minecraft:walk_on_water_one_cm":21691,"minecraft:interact_with_furnace":75,"minecraft:traded_with_villager":46,"minecraft:interact_with_loom":5,"minecraft:sleep_in_bed":4,"minecraft:waystone_activated":3,"minecraft:damage_dealt":23279,"minecraft:player_kills":4,"minecraft:crouch_one_cm":35755,"minecraft:interact_with_smoker":47,"minecraft:interact_with_anvil":11,"minecraft:mob_kills":87,"minecraft:climb_one_cm":10149,"minecraft:walk_one_cm":1489243,"minecraft:damage_dealt_absorbed":15,"minecraft:sneak_time":13732,"minecraft:walk_under_water_one_cm":23835,"minecraft:interact_with_lectern":2,"minecraft:interact_with_blast_furnace":28,"minecraft:total_world_time":473975,"minecraft:tune_noteblock":2,"minecraft:pot_flower":1,"minecraft:interact_with_grindstone":2,"minecraft:time_since_rest":9456,"minecraft:damage_taken":15227,"minecraft:trigger_trapped_chest":1,"minecraft:swim_one_cm":701,"minecraft:fly_one_cm":1512119,"minecraft:open_chest":167,"minecraft:fall_one_cm":180243}},"DataVersion":3465}