{"stats":{"minecraft:custom":{"minecraft:interact_with_furnace":13,"minecraft:mob_kills":5,"minecraft:interact_with_crafting_table":10,"minecraft:time_since_death":316,"minecraft:climb_one_cm":98,"minecraft:time_since_rest":343,"minecraft:sprint_one_cm":64785,"minecraft:damage_taken":2710,"minecraft:walk_one_cm":59968,"minecraft:damage_blocked_by_shield":4,"minecraft:drop":14,"minecraft:damage_dealt":1780,"minecraft:fly_one_cm":66948,"minecraft:player_kills":9,"minecraft:crouch_one_cm":7350,"minecraft:play_time":35578,"minecraft:deaths":9,"minecraft:sneak_time":2757,"minecraft:jump":632,"minecraft:total_world_time":35578,"minecraft:fall_one_cm":18532},"minecraft:dropped":{"minecraft:gravel":1,"minecraft:stone_axe":1,"minecraft:birch_planks":43,"minecraft:crafting_table":1,"minecraft:birch_sapling":1,"minecraft:torch":3,"minecraft:wooden_axe":1,"minecraft:oak_sapling":3,"minecraft:stone_pickaxe":1,"minecraft:wooden_pickaxe":3},"minecraft:mined":{"minecraft:torch":3,"minecraft:short_grass":1,"minecraft:grass_block":4,"minecraft:cobblestone":3,"minecraft:wall_torch":1,"minecraft:birch_log":9,"minecraft:iron_ore":8,"minecraft:oak_log":41,"minecraft:coal_ore":20,"minecraft:dirt":13,"minecraft:stone":30,"minecraft:oak_leaves":4},"minecraft:crafted":{"minecraft:cooked_porkchop":5,"minecraft:crafting_table":2,"minecraft:wooden_pickaxe":2,"minecraft:furnace":1,"minecraft:birch_planks":36,"minecraft:stone_axe":2,"minecraft:air":0,"minecraft:iron_chestplate":1,"minecraft:shield":1,"minecraft:iron_axe":1,"minecraft:stick":20,"minecraft:iron_ingot":17,"minecraft:iron_pickaxe":1,"minecraft:stone_pickaxe":2,"minecraft:wooden_axe":1,"minecraft:stone_sword":2},"minecraft:killed_by":{"minecraft:player":5,"minecraft:skeleton":1,"minecraft:zombie":2},"minecraft:used":{"minecraft:stone_sword":28,"minecraft:stripped_birch_log":2,"minecraft:stone_pickaxe":40,"minecraft:wooden_pickaxe":24,"minecraft:shield":1,"minecraft:iron_chestplate":4,"minecraft:torch":5,"minecraft:crafting_table":3,"minecraft:apple":2,"minecraft:stone_axe":48,"minecraft:cobblestone":64,"minecraft:furnace":1,"minecraft:cooked_porkchop":2},"minecraft:picked_up":{"minecraft:birch_log":9,"minecraft:iron_chestplate":4,"minecraft:crafting_table":2,"minecraft:feather":10,"minecraft:chicken":2,"minecraft:wooden_pickaxe":1,"minecraft:birch_planks":45,"minecraft:oak_log":41,"minecraft:shield":3,"minecraft:dirt":17,"minecraft:stripped_birch_log":3,"minecraft:iron_axe":1,"minecraft:apple":2,"minecraft:iron_ingot":4,"minecraft:stone_pickaxe":6,"minecraft:birch_sapling":5,"minecraft:oak_planks":20,"minecraft:stick":31,"minecraft:raw_iron":26,"minecraft:torch":13,"minecraft:gravel":1,"minecraft:porkchop":10,"minecraft:stone_sword":3,"minecraft:stone_axe":8,"minecraft:oak_sapling":41,"minecraft:coal":107,"minecraft:cobblestone":168},"minecraft:killed":{"minecraft:pig":1,"minecraft:zombie":1,"minecraft:chicken":2}},"DataVersion":4082}