{"stats":{"minecraft:killed":{"undead_revamp2:thewolf":1,"minecraft:spider":9,"undead_revamp2:thesmoker":2,"undead_revamp2:theswarmer":1,"minecraft:skeleton":30,"minecraft:chicken":19,"artifacts:mimic":4,"minecraft:pig":23,"minecraft:zombie_villager":3,"minecraft:iron_golem":3,"minecraft:creeper":4,"minecraft:sheep":37,"minecraft:trader_llama":1,"minecraft:zombie":45,"undead_revamp2:theskeeper":1,"iceandfire:sea_serpent":2,"minecraft:blaze":13,"minecraft:cow":35,"undead_revamp2:thehunter":2,"undead_revamp2:thegliter":5,"undead_revamp2:bomber":3,"minecraft:drowned":7,"goblintraders:goblin_trader":2,"iceandfire:troll":1,"undead_revamp2:the_moonflower":16,"minecraft:wandering_trader":1,"undead_revamp2:thesomnolence":14,"minecraft:wither_skeleton":10,"minecraft:enderman":2},"minecraft:picked_up":{"minecraft:wheat":22,"minecraft:iron_trapdoor":1,"minecraft:anvil":2,"minecraft:suspicious_stew":1,"minecraft:smithing_table":2,"minecraft:stone_slab":2,"minecraft:lead":1,"minecraft:diamond_sword":1,"minecraft:oak_stairs":17,"minecraft:amethyst_block":2,"minecraft:string":97,"minecraft:raw_copper":108,"minecraft:oak_sign":1,"minecraft:gold_nugget":676,"minecraft:cobbled_deepslate":44,"minecraft:cobblestone_slab":1,"minecraft:calcite":1,"minecraft:coal_block":21,"minecraft:furnace":4,"minecraft:golden_helmet":1,"minecraft:stick":47,"minecraft:composter":1,"minecraft:oak_fence":3,"minecraft:torch":174,"minecraft:green_bed":1,"minecraft:porkchop":39,"minecraft:golden_chestplate":2,"minecraft:stone_sword":1,"minecraft:honey_bottle":1,"minecraft:rotten_flesh":148,"iceandfire:fire_dragon_heart":1,"minecraft:blaze_rod":19,"undead_revamp2:arapholia":14,"minecraft:cobblestone":523,"minecraft:birch_log":145,"minecraft:leather_chestplate":1,"minecraft:feather":28,"minecraft:cooked_beef":16,"minecraft:iron_door":1,"minecraft:andesite":2,"minecraft:black_bed":1,"minecraft:dark_oak_boat":1,"minecraft:golden_leggings":1,"minecraft:smoker":1,"artifacts:thorn_pendant":1,"minecraft:potato":82,"minecraft:tuff":4,"minecraft:lapis_lazuli":132,"minecraft:dirt":826,"minecraft:lantern":2,"minecraft:leather_boots":1,"minecraft:bone":84,"minecraft:chipped_anvil":1,"minecraft:bow":2,"minecraft:wheat_seeds":57,"minecraft:raw_gold":46,"minecraft:fletching_table":1,"minecraft:glowstone_dust":121,"minecraft:moss_block":1,"minecraft:stone_hoe":1,"minecraft:oak_planks":10,"minecraft:cooked_porkchop":40,"minecraft:oak_pressure_plate":3,"minecraft:poisonous_potato":1,"iceandfire:dragon_skull_fire":1,"minecraft:sand":33,"minecraft:grass_block":1,"minecraft:dark_oak_log":444,"minecraft:diamond":46,"iceandfire:dragonbone_sword_fire":1,"minecraft:crossbow":1,"minecraft:granite":3,"minecraft:emerald":16,"scalinghealth:cursed_heart":4,"minecraft:oak_sapling":17,"minecraft:netherrack":2,"minecraft:dark_oak_fence":25,"iceandfire:raw_silver":13,"minecraft:diamond_pickaxe":1,"minecraft:coarse_dirt":4,"minecraft:crafting_table":6,"minecraft:azure_bluet":1,"iceandfire:witherbone":6,"minecraft:chicken":23,"minecraft:ladder":1,"minecraft:leather_leggings":1,"minecraft:wooden_pickaxe":1,"minecraft:gold_block":1,"minecraft:red_bed":3,"minecraft:iron_axe":1,"minecraft:item_frame":1,"minecraft:white_carpet":6,"minecraft:candle":3,"minecraft:beef":62,"minecraft:poppy":4,"minecraft:light_gray_wool":1,"minecraft:lectern":1,"minecraft:sugar_cane":63,"minecraft:chest":2,"minecraft:birch_sapling":60,"minecraft:spruce_trapdoor":1,"minecraft:dark_oak_sapling":59,"minecraft:raw_iron":184,"iceandfire:dragonbone":8,"artifacts:charm_of_sinking":1,"minecraft:bowl":2,"minecraft:carrot":35,"minecraft:redstone":69,"minecraft:dark_oak_planks":3,"minecraft:tnt":8,"minecraft:arrow":71,"k_turrets:raw_titanium":13,"minecraft:hay_block":37,"minecraft:gold_ingot":1,"minecraft:glow_berries":1,"minecraft:mutton":36,"minecraft:rail":1,"minecraft:white_wool":37,"minecraft:stripped_oak_log":5,"iceandfire:sea_serpent_fang":16,"minecraft:leather":34,"artifacts:anglers_hat":2,"minecraft:oak_log":56,"scalinghealth:bandages":9,"minecraft:gunpowder":8,"scalinghealth:heart_crystal":8,"minecraft:white_banner":4,"minecraft:cooked_mutton":26,"minecraft:red_carpet":14,"minecraft:apple":22,"minecraft:stone_bricks":1,"minecraft:kelp":4,"minecraft:iron_ingot":16,"minecraft:cooked_chicken":2,"minecraft:cobweb":1,"scalinghealth:power_crystal_shard":2,"minecraft:glass_bottle":1,"iceandfire:sea_serpent_scales_deepblue":7,"iceandfire:fire_dragon_flesh":4,"minecraft:book":3,"minecraft:oak_slab":4,"scalinghealth:heart_crystal_shard":16,"minecraft:dark_oak_slab":41,"iceandfire:sea_serpent_scales_green":2,"minecraft:pumpkin":29,"minecraft:quartz":9,"minecraft:dandelion":1,"minecraft:amethyst_shard":130,"minecraft:spruce_sapling":4,"minecraft:blast_furnace":4,"minecraft:spruce_log":3,"minecraft:spider_eye":20,"minecraft:cyan_banner":1,"minecraft:pumpkin_seeds":14,"undead_revamp2:beespheromones":1,"minecraft:baked_potato":1,"minecraft:black_wool":3,"minecraft:coal":361,"minecraft:ender_pearl":4},"minecraft:mined":{"undead_revamp2:arapholia":12,"minecraft:dark_oak_planks":6,"minecraft:large_amethyst_bud":3,"minecraft:spruce_trapdoor":1,"minecraft:granite":3,"minecraft:budding_amethyst":2,"minecraft:grass_block":566,"minecraft:oak_pressure_plate":2,"minecraft:coal_block":18,"minecraft:composter":1,"minecraft:spawner":2,"minecraft:tall_seagrass":1,"minecraft:glowstone":41,"minecraft:iron_ore":79,"minecraft:cobbled_deepslate":7,"minecraft:fire":24,"minecraft:pumpkin":29,"minecraft:anvil":2,"minecraft:deepslate_lapis_ore":14,"minecraft:fletching_table":1,"minecraft:azure_bluet":1,"minecraft:oak_sign":1,"iceandfire:gold_pile":61,"scalinghealth:deepslate_power_crystal_ore":1,"minecraft:oak_stairs":15,"minecraft:white_banner":1,"minecraft:green_bed":1,"minecraft:deepslate_redstone_ore":7,"minecraft:red_bed":3,"minecraft:kelp_plant":1,"minecraft:medium_amethyst_bud":2,"minecraft:smoker":1,"minecraft:soul_fire":2,"minecraft:amethyst_cluster":19,"scalinghealth:deepslate_heart_crystal_ore":10,"minecraft:powder_snow":43,"minecraft:torch":6,"minecraft:blast_furnace":4,"minecraft:calcite":1,"minecraft:poppy":1,"minecraft:chest":2,"minecraft:nether_quartz_ore":9,"minecraft:cobblestone":71,"minecraft:oak_planks":10,"minecraft:sugar_cane":29,"minecraft:iron_door":1,"minecraft:wall_torch":9,"minecraft:amethyst_block":2,"minecraft:seagrass":1,"minecraft:dark_oak_slab":40,"minecraft:birch_log":123,"minecraft:wheat":12,"minecraft:pumpkin_stem":8,"minecraft:black_bed":2,"minecraft:tnt":8,"minecraft:grass":30,"minecraft:oak_log":33,"minecraft:sand":33,"minecraft:dirt":268,"minecraft:netherrack":2,"minecraft:deepslate":43,"minecraft:oak_leaves":11,"minecraft:diamond_ore":1,"minecraft:tuff":4,"minecraft:red_carpet":1,"iceandfire:silver_ore":15,"minecraft:deepslate_diamond_ore":25,"minecraft:candle":1,"minecraft:dark_oak_log":553,"minecraft:glow_lichen":1,"minecraft:dark_oak_fence":25,"minecraft:spruce_leaves":1,"minecraft:moss_block":1,"minecraft:hay_block":38,"minecraft:redstone_ore":5,"minecraft:furnace":4,"minecraft:carrots":1,"minecraft:andesite":2,"minecraft:gold_block":1,"minecraft:bookshelf":1,"minecraft:potatoes":20,"minecraft:deepslate_iron_ore":42,"minecraft:rail":1,"minecraft:lantern":1,"minecraft:stripped_oak_log":5,"minecraft:stone":453,"minecraft:white_wool":8,"minecraft:smithing_table":2,"minecraft:oak_slab":4,"minecraft:oak_fence":3,"minecraft:crafting_table":5,"minecraft:emerald_ore":16,"minecraft:lectern":1,"minecraft:stone_slab":1,"minecraft:copper_ore":29,"minecraft:tall_grass":5,"minecraft:deepslate_gold_ore":30,"minecraft:diorite":2,"minecraft:coarse_dirt":6,"k_turrets:deepslate_titanium_ore":6,"minecraft:white_carpet":6,"minecraft:spruce_log":3,"minecraft:white_wall_banner":2,"k_turrets:titanium_ore":3,"minecraft:coal_ore":198,"minecraft:cobweb":88,"minecraft:stone_bricks":1,"minecraft:chipped_anvil":1,"minecraft:gold_ore":9,"minecraft:iron_trapdoor":1},"minecraft:custom":{"minecraft:interact_with_crafting_table":83,"minecraft:open_barrel":69,"goblintraders:trade_with_goblin":373,"minecraft:bell_ring":6,"minecraft:leave_game":5,"minecraft:time_since_death":225827,"minecraft:sprint_one_cm":1164519,"minecraft:damage_blocked_by_shield":9086,"minecraft:drop":158,"minecraft:talked_to_villager":27,"minecraft:play_time":528036,"minecraft:deaths":12,"minecraft:jump":10316,"minecraft:interact_with_brewingstand":1,"minecraft:walk_on_water_one_cm":110786,"minecraft:enchant_item":13,"minecraft:interact_with_furnace":37,"minecraft:traded_with_villager":6,"minecraft:sleep_in_bed":6,"minecraft:damage_dealt":72755,"minecraft:crouch_one_cm":32790,"minecraft:interact_with_smoker":35,"minecraft:interact_with_anvil":10,"minecraft:mob_kills":353,"minecraft:damage_dealt_resisted":380,"minecraft:climb_one_cm":23317,"minecraft:walk_one_cm":1524408,"minecraft:damage_dealt_absorbed":79,"minecraft:sneak_time":10821,"minecraft:walk_under_water_one_cm":102544,"minecraft:boat_one_cm":224079,"minecraft:interact_with_blast_furnace":38,"minecraft:total_world_time":528036,"minecraft:time_since_rest":225865,"minecraft:damage_taken":19078,"minecraft:trigger_trapped_chest":1,"minecraft:swim_one_cm":161679,"minecraft:fly_one_cm":1969217,"minecraft:open_chest":388,"minecraft:fall_one_cm":255327},"minecraft:dropped":{"minecraft:moss_block":1,"minecraft:warped_fungus":1,"minecraft:diamond":4,"minecraft:dark_oak_slab":2,"minecraft:crossbow":1,"iceandfire:fire_dragon_flesh":4,"minecraft:leather":22,"iceandfire:tide_trident":1,"minecraft:red_carpet":13,"minecraft:dark_oak_fence":6,"artifacts:charm_of_sinking":1,"minecraft:gold_nugget":50,"iceandfire:armor_silver_metal_helmet":1,"minecraft:dark_oak_boat":1,"minecraft:bone":6,"minecraft:stone_axe":2,"artifacts:power_glove":1,"minecraft:birch_sapling":47,"undead_revamp2:arapholia":5,"minecraft:rotten_flesh":24,"minecraft:carrot":6,"minecraft:leather_chestplate":1,"minecraft:cyan_banner":1,"minecraft:gunpowder":1,"minecraft:leather_boots":2,"minecraft:leather_leggings":1,"minecraft:arrow":2,"iceandfire:armor_copper_metal_leggings":1,"minecraft:stone_hoe":1,"minecraft:oak_slab":3,"minecraft:wheat_seeds":10,"minecraft:feather":2,"iceandfire:armor_copper_metal_chestplate":1,"minecraft:book":1,"minecraft:copper_ingot":1,"minecraft:cobweb":1,"minecraft:iron_door":1,"minecraft:oak_stairs":2,"minecraft:white_banner":4,"iceandfire:spawn_egg_fire_dragon":1,"minecraft:string":43,"minecraft:coarse_dirt":4,"minecraft:stone_sword":2,"minecraft:bowl":5,"minecraft:tuff":4,"iceandfire:dragonbone_sword_fire":2,"minecraft:stone_slab":1,"minecraft:name_tag":1,"minecraft:pumpkin_seeds":3,"minecraft:diamond_sword":1,"minecraft:potato":61,"minecraft:diamond_pickaxe":1,"minecraft:iron_chestplate":1,"minecraft:spider_eye":14,"minecraft:wooden_pickaxe":2,"scalinghealth:enchanted_heart":2,"minecraft:black_wool":1},"minecraft:broken":{"minecraft:iron_shovel":3,"minecraft:iron_boots":1,"iceandfire:silver_pickaxe":1,"minecraft:stone_pickaxe":1,"minecraft:stone_axe":1,"minecraft:stone_sword":1,"minecraft:shield":2,"minecraft:iron_axe":4,"minecraft:iron_helmet":1},"minecraft:crafted":{"minecraft:oak_planks":80,"minecraft:dark_oak_boat":1,"minecraft:cooked_chicken":6,"minecraft:birch_slab":12,"k_turrets:titanium_ingot":13,"minecraft:cooked_mutton":23,"minecraft:diamond_helmet":1,"minecraft:bow":2,"minecraft:diamond_leggings":1,"minecraft:iron_boots":1,"sophisticatedbackpacks:copper_backpack":1,"iceandfire:armor_copper_metal_chestplate":1,"minecraft:chest":15,"minecraft:stone_hoe":1,"minecraft:glass_bottle":9,"minecraft:oak_slab":6,"minecraft:emerald":87,"sophisticatedbackpacks:backpack":1,"minecraft:cooked_porkchop":10,"minecraft:diamond_axe":1,"minecraft:crafting_table":9,"minecraft:wooden_pickaxe":1,"minecraft:iron_helmet":1,"minecraft:copper_ingot":266,"minecraft:birch_planks":78,"minecraft:pumpkin_seeds":20,"minecraft:dispenser":2,"minecraft:totem_of_undying":1,"minecraft:paper":36,"minecraft:dark_oak_slab":42,"minecraft:iron_chestplate":1,"minecraft:book":12,"minecraft:diamond_pickaxe":1,"minecraft:shield":3,"minecraft:stick":248,"minecraft:iron_ingot":367,"minecraft:iron_pickaxe":1,"minecraft:stone_sword":2,"k_turrets:gauss_turret_item":2,"minecraft:gold_ingot":153,"minecraft:composter":1,"minecraft:coal":206,"minecraft:iron_nugget":9,"iceandfire:dragonbone_sword_fire":2,"minecraft:furnace":3,"iceandfire:armor_copper_metal_leggings":1,"minecraft:white_carpet":3,"minecraft:dark_oak_fence":150,"minecraft:iron_axe":4,"minecraft:stone_pickaxe":1,"minecraft:diamond_boots":1,"minecraft:dark_oak_planks":620,"sophisticatedbackpacks:iron_backpack":1,"minecraft:wheat":252,"minecraft:cooked_beef":70,"iceandfire:dragonbone_sword":2,"minecraft:diamond_sword":1,"iceandfire:silver_ingot":11,"iceandfire:tide_trident":2,"sophisticatedbackpacks:gold_backpack":1,"scalinghealth:heart_crystal":2,"minecraft:bucket":1,"minecraft:stone_axe":3,"minecraft:glowstone":6,"minecraft:enchanted_book":6,"minecraft:bread":84,"minecraft:air":0,"iceandfire:armor_silver_metal_helmet":1,"minecraft:iron_shovel":3,"k_turrets:gauss_bullet":8,"minecraft:iron_leggings":1,"minecraft:anvil":1,"minecraft:white_bed":8,"minecraft:torch":268,"iceandfire:silver_pickaxe":1,"minecraft:diamond_chestplate":1},"minecraft:used":{"minecraft:moss_block":1,"iceandfire:tide_trident":2,"minecraft:iron_shovel":767,"minecraft:ladder":1,"minecraft:poppy":4,"minecraft:oak_sign":1,"minecraft:chest":9,"minecraft:shield":127,"minecraft:carrot":20,"iceandfire:spawn_egg_fire_dragon":1,"minecraft:azure_bluet":1,"minecraft:birch_sapling":12,"minecraft:lantern":2,"minecraft:iron_helmet":1,"minecraft:dark_oak_slab":81,"minecraft:stone_bricks":1,"minecraft:item_frame":1,"minecraft:red_carpet":1,"minecraft:dark_oak_boat":1,"minecraft:oak_sapling":1,"minecraft:furnace":7,"minecraft:potato":28,"minecraft:diamond_boots":1,"minecraft:oak_planks":8,"minecraft:stone_pickaxe":131,"minecraft:wooden_pickaxe":10,"minecraft:composter":2,"minecraft:sugar_cane":13,"minecraft:diamond_axe":46,"minecraft:white_wool":5,"minecraft:sand":33,"minecraft:blast_furnace":4,"minecraft:black_bed":1,"minecraft:pumpkin_seeds":10,"iceandfire:silver_pickaxe":461,"sophisticatedbackpacks:backpack":1,"iceandfire:armor_copper_metal_chestplate":1,"scalinghealth:enchanted_heart":2,"minecraft:dark_oak_log":5,"minecraft:bread":74,"minecraft:lectern":1,"minecraft:diamond_sword":443,"minecraft:dark_oak_fence":169,"minecraft:smithing_table":2,"minecraft:stone_sword":176,"iceandfire:armor_copper_metal_leggings":1,"minecraft:cooked_salmon":4,"minecraft:stone_hoe":70,"simpletomb:grave_key":3,"minecraft:torch":432,"minecraft:dirt":181,"minecraft:anvil":3,"scalinghealth:heart_crystal":10,"minecraft:white_carpet":9,"minecraft:granite":3,"minecraft:dark_oak_planks":33,"minecraft:iron_axe":870,"minecraft:oak_stairs":1,"minecraft:iron_boots":2,"minecraft:glowstone":6,"minecraft:iron_trapdoor":1,"minecraft:cooked_beef":82,"minecraft:cobbled_deepslate":22,"minecraft:calcite":1,"minecraft:wheat_seeds":29,"minecraft:cooked_mutton":3,"minecraft:water_bucket":51,"minecraft:amethyst_block":2,"minecraft:fletching_table":2,"minecraft:green_bed":1,"minecraft:cobblestone_slab":1,"minecraft:leather_boots":1,"k_turrets:gauss_turret_item":2,"minecraft:oak_slab":3,"minecraft:rail":1,"minecraft:crafting_table":14,"minecraft:red_bed":12,"minecraft:white_bed":7,"minecraft:smoker":1,"minecraft:diamond_pickaxe":480,"minecraft:black_wool":2,"iceandfire:dragonbone_sword_fire":42,"minecraft:iron_pickaxe":144,"minecraft:suspicious_stew":2,"minecraft:stone_slab":1,"minecraft:spruce_trapdoor":1,"minecraft:stone_axe":260,"minecraft:cobblestone":140,"minecraft:cooked_porkchop":18,"minecraft:bucket":52,"minecraft:dandelion":1,"minecraft:candle":3}},"DataVersion":3465}