{"stats":{"minecraft:broken":{"minecraft:iron_shovel":3,"minecraft:iron_boots":1,"iceandfire:silver_pickaxe":1,"minecraft:stone_pickaxe":1,"minecraft:stone_axe":1,"minecraft:stone_sword":1,"minecraft:shield":2,"minecraft:iron_axe":4,"minecraft:iron_helmet":1},"minecraft:picked_up":{"minecraft:wheat":15,"minecraft:iron_trapdoor":1,"minecraft:anvil":2,"minecraft:lead":1,"minecraft:smithing_table":2,"minecraft:stone_slab":2,"minecraft:oak_stairs":17,"minecraft:string":78,"minecraft:raw_copper":108,"minecraft:oak_sign":1,"minecraft:gold_nugget":50,"minecraft:cobbled_deepslate":44,"minecraft:cobblestone_slab":1,"minecraft:coal_block":21,"minecraft:furnace":4,"minecraft:golden_helmet":1,"minecraft:stick":46,"minecraft:composter":1,"minecraft:oak_fence":3,"minecraft:green_bed":1,"minecraft:torch":172,"minecraft:porkchop":33,"minecraft:golden_chestplate":2,"minecraft:honey_bottle":1,"minecraft:rotten_flesh":132,"minecraft:blaze_rod":19,"undead_revamp2:arapholia":6,"minecraft:cobblestone":494,"minecraft:birch_log":132,"minecraft:leather_chestplate":1,"minecraft:feather":26,"minecraft:cooked_beef":12,"minecraft:iron_door":1,"minecraft:andesite":2,"minecraft:black_bed":1,"minecraft:golden_leggings":1,"artifacts:thorn_pendant":1,"minecraft:smoker":1,"minecraft:potato":75,"minecraft:tuff":4,"minecraft:lapis_lazuli":132,"minecraft:dirt":801,"minecraft:lantern":2,"minecraft:leather_boots":1,"minecraft:bone":70,"minecraft:bow":2,"minecraft:wheat_seeds":40,"minecraft:raw_gold":46,"minecraft:glowstone_dust":121,"minecraft:moss_block":1,"minecraft:oak_planks":10,"minecraft:cooked_porkchop":40,"minecraft:oak_pressure_plate":3,"minecraft:sand":14,"minecraft:grass_block":1,"minecraft:dark_oak_log":444,"minecraft:diamond":46,"minecraft:crossbow":1,"minecraft:granite":3,"scalinghealth:cursed_heart":4,"minecraft:emerald":16,"minecraft:oak_sapling":17,"minecraft:netherrack":2,"minecraft:dark_oak_fence":25,"iceandfire:raw_silver":13,"minecraft:diamond_pickaxe":1,"minecraft:crafting_table":5,"minecraft:coarse_dirt":4,"iceandfire:witherbone":4,"minecraft:azure_bluet":1,"minecraft:chicken":21,"minecraft:ladder":1,"minecraft:leather_leggings":1,"minecraft:wooden_pickaxe":1,"minecraft:gold_block":1,"minecraft:iron_axe":1,"minecraft:red_bed":3,"minecraft:white_carpet":6,"minecraft:item_frame":1,"minecraft:candle":3,"minecraft:beef":62,"minecraft:poppy":1,"minecraft:lectern":1,"minecraft:light_gray_wool":1,"minecraft:sugar_cane":45,"minecraft:chest":2,"minecraft:birch_sapling":59,"minecraft:spruce_trapdoor":1,"minecraft:dark_oak_sapling":59,"minecraft:raw_iron":184,"minecraft:carrot":25,"minecraft:redstone":69,"minecraft:dark_oak_planks":3,"minecraft:tnt":8,"minecraft:arrow":62,"k_turrets:raw_titanium":13,"minecraft:hay_block":37,"minecraft:gold_ingot":1,"minecraft:glow_berries":1,"minecraft:mutton":33,"minecraft:white_wool":33,"minecraft:rail":1,"minecraft:stripped_oak_log":5,"minecraft:leather":28,"artifacts:anglers_hat":2,"minecraft:oak_log":50,"scalinghealth:bandages":8,"minecraft:gunpowder":8,"scalinghealth:heart_crystal":8,"minecraft:white_banner":4,"minecraft:cooked_mutton":22,"minecraft:red_carpet":14,"minecraft:stone_bricks":1,"minecraft:apple":15,"minecraft:iron_ingot":4,"minecraft:cooked_chicken":2,"minecraft:cobweb":1,"scalinghealth:power_crystal_shard":2,"minecraft:glass_bottle":1,"minecraft:book":3,"minecraft:oak_slab":4,"scalinghealth:heart_crystal_shard":16,"minecraft:dark_oak_slab":41,"minecraft:pumpkin":22,"minecraft:quartz":9,"minecraft:dandelion":1,"minecraft:blast_furnace":4,"minecraft:spider_eye":20,"minecraft:cyan_banner":1,"undead_revamp2:beespheromones":1,"minecraft:baked_potato":1,"minecraft:black_wool":3,"minecraft:coal":357,"minecraft:ender_pearl":4},"minecraft:crafted":{"minecraft:oak_planks":80,"minecraft:cooked_chicken":6,"minecraft:birch_slab":12,"k_turrets:titanium_ingot":13,"minecraft:cooked_mutton":23,"minecraft:bow":2,"minecraft:diamond_leggings":1,"minecraft:diamond_helmet":1,"minecraft:iron_boots":1,"sophisticatedbackpacks:copper_backpack":1,"iceandfire:armor_copper_metal_chestplate":1,"minecraft:chest":15,"minecraft:stone_hoe":1,"minecraft:oak_slab":6,"sophisticatedbackpacks:backpack":1,"minecraft:cooked_porkchop":10,"minecraft:diamond_axe":1,"minecraft:crafting_table":7,"minecraft:wooden_pickaxe":1,"minecraft:iron_helmet":1,"minecraft:copper_ingot":60,"minecraft:birch_planks":78,"minecraft:pumpkin_seeds":20,"minecraft:dispenser":2,"minecraft:dark_oak_slab":42,"minecraft:iron_chestplate":1,"minecraft:diamond_pickaxe":1,"minecraft:shield":3,"minecraft:stick":248,"minecraft:iron_ingot":51,"minecraft:iron_pickaxe":1,"k_turrets:gauss_turret_item":2,"minecraft:stone_sword":2,"minecraft:gold_ingot":39,"minecraft:composter":1,"minecraft:coal":198,"minecraft:furnace":3,"iceandfire:armor_copper_metal_leggings":1,"minecraft:white_carpet":3,"minecraft:dark_oak_fence":150,"minecraft:iron_axe":4,"minecraft:stone_pickaxe":1,"minecraft:diamond_boots":1,"minecraft:dark_oak_planks":512,"minecraft:wheat":252,"sophisticatedbackpacks:iron_backpack":1,"minecraft:cooked_beef":70,"minecraft:diamond_sword":1,"iceandfire:silver_ingot":11,"sophisticatedbackpacks:gold_backpack":1,"scalinghealth:heart_crystal":2,"minecraft:bucket":1,"minecraft:stone_axe":3,"minecraft:glowstone":6,"minecraft:enchanted_book":1,"minecraft:bread":84,"minecraft:air":0,"iceandfire:armor_silver_metal_helmet":1,"minecraft:iron_shovel":3,"minecraft:iron_leggings":1,"minecraft:white_bed":7,"minecraft:torch":268,"iceandfire:silver_pickaxe":1,"minecraft:diamond_chestplate":1},"minecraft:killed":{"minecraft:spider":8,"undead_revamp2:thesmoker":2,"undead_revamp2:theswarmer":1,"minecraft:skeleton":27,"minecraft:chicken":17,"artifacts:mimic":3,"minecraft:pig":20,"minecraft:zombie_villager":3,"minecraft:creeper":4,"minecraft:sheep":33,"minecraft:trader_llama":1,"minecraft:zombie":40,"undead_revamp2:theskeeper":1,"minecraft:cow":32,"minecraft:blaze":13,"undead_revamp2:thehunter":2,"undead_revamp2:thegliter":5,"undead_revamp2:bomber":3,"minecraft:drowned":3,"iceandfire:troll":1,"undead_revamp2:the_moonflower":16,"minecraft:wandering_trader":1,"undead_revamp2:thesomnolence":14,"minecraft:wither_skeleton":7,"minecraft:enderman":2},"minecraft:mined":{"undead_revamp2:arapholia":5,"minecraft:dark_oak_planks":6,"minecraft:spruce_trapdoor":1,"minecraft:granite":3,"minecraft:grass_block":563,"minecraft:oak_pressure_plate":2,"minecraft:coal_block":18,"minecraft:composter":1,"minecraft:spawner":2,"minecraft:tall_seagrass":1,"minecraft:glowstone":41,"minecraft:cobbled_deepslate":7,"minecraft:iron_ore":79,"minecraft:fire":12,"minecraft:pumpkin":22,"minecraft:deepslate_lapis_ore":14,"minecraft:anvil":2,"minecraft:azure_bluet":1,"minecraft:oak_sign":1,"scalinghealth:deepslate_power_crystal_ore":1,"minecraft:oak_stairs":15,"minecraft:white_banner":1,"minecraft:green_bed":1,"minecraft:deepslate_redstone_ore":7,"minecraft:red_bed":3,"minecraft:smoker":1,"minecraft:soul_fire":2,"scalinghealth:deepslate_heart_crystal_ore":10,"minecraft:powder_snow":43,"minecraft:torch":6,"minecraft:blast_furnace":4,"minecraft:poppy":1,"minecraft:chest":2,"minecraft:nether_quartz_ore":9,"minecraft:cobblestone":47,"minecraft:sugar_cane":20,"minecraft:oak_planks":10,"minecraft:iron_door":1,"minecraft:wall_torch":7,"minecraft:dark_oak_slab":40,"minecraft:birch_log":123,"minecraft:wheat":6,"minecraft:tnt":8,"minecraft:black_bed":2,"minecraft:grass":27,"minecraft:oak_log":33,"minecraft:sand":14,"minecraft:dirt":267,"minecraft:netherrack":2,"minecraft:oak_leaves":11,"minecraft:deepslate":43,"minecraft:diamond_ore":1,"minecraft:red_carpet":1,"minecraft:tuff":4,"iceandfire:silver_ore":15,"minecraft:deepslate_diamond_ore":25,"minecraft:candle":1,"minecraft:dark_oak_log":553,"minecraft:glow_lichen":1,"minecraft:dark_oak_fence":25,"minecraft:spruce_leaves":1,"minecraft:moss_block":1,"minecraft:hay_block":38,"minecraft:redstone_ore":5,"minecraft:furnace":4,"minecraft:carrots":1,"minecraft:andesite":2,"minecraft:gold_block":1,"minecraft:bookshelf":1,"minecraft:potatoes":20,"minecraft:deepslate_iron_ore":42,"minecraft:rail":1,"minecraft:lantern":1,"minecraft:stripped_oak_log":5,"minecraft:stone":452,"minecraft:white_wool":8,"minecraft:smithing_table":2,"minecraft:oak_slab":4,"minecraft:oak_fence":3,"minecraft:crafting_table":4,"minecraft:emerald_ore":16,"minecraft:lectern":1,"minecraft:stone_slab":1,"minecraft:tall_grass":5,"minecraft:copper_ore":29,"minecraft:deepslate_gold_ore":30,"minecraft:diorite":2,"minecraft:coarse_dirt":6,"k_turrets:deepslate_titanium_ore":6,"minecraft:white_carpet":6,"minecraft:white_wall_banner":2,"k_turrets:titanium_ore":3,"minecraft:coal_ore":198,"minecraft:cobweb":68,"minecraft:stone_bricks":1,"minecraft:gold_ore":9,"minecraft:iron_trapdoor":1},"minecraft:dropped":{"minecraft:moss_block":1,"minecraft:warped_fungus":1,"minecraft:diamond":4,"minecraft:dark_oak_slab":2,"minecraft:crossbow":1,"minecraft:leather":22,"minecraft:red_carpet":13,"minecraft:dark_oak_fence":6,"minecraft:gold_nugget":50,"iceandfire:armor_silver_metal_helmet":1,"minecraft:bone":6,"minecraft:stone_axe":2,"artifacts:power_glove":1,"minecraft:birch_sapling":47,"undead_revamp2:arapholia":5,"minecraft:rotten_flesh":24,"minecraft:carrot":6,"minecraft:leather_chestplate":1,"minecraft:gunpowder":1,"minecraft:cyan_banner":1,"minecraft:leather_boots":1,"minecraft:leather_leggings":1,"minecraft:arrow":2,"iceandfire:armor_copper_metal_leggings":1,"minecraft:oak_slab":3,"minecraft:wheat_seeds":9,"iceandfire:armor_copper_metal_chestplate":1,"minecraft:feather":2,"minecraft:book":1,"minecraft:copper_ingot":1,"minecraft:cobweb":1,"minecraft:iron_door":1,"minecraft:oak_stairs":2,"minecraft:white_banner":4,"iceandfire:spawn_egg_fire_dragon":1,"minecraft:string":43,"minecraft:coarse_dirt":4,"minecraft:stone_sword":1,"minecraft:tuff":4,"minecraft:stone_slab":1,"minecraft:pumpkin_seeds":3,"minecraft:potato":61,"minecraft:diamond_pickaxe":1,"minecraft:spider_eye":14,"minecraft:wooden_pickaxe":2,"minecraft:black_wool":1},"minecraft:used":{"minecraft:moss_block":1,"minecraft:iron_shovel":767,"minecraft:ladder":1,"minecraft:poppy":1,"minecraft:oak_sign":1,"minecraft:chest":9,"minecraft:shield":94,"minecraft:carrot":19,"iceandfire:spawn_egg_fire_dragon":1,"minecraft:azure_bluet":1,"minecraft:lantern":2,"minecraft:birch_sapling":12,"minecraft:iron_helmet":1,"minecraft:dark_oak_slab":81,"minecraft:stone_bricks":1,"minecraft:item_frame":1,"minecraft:red_carpet":1,"minecraft:furnace":7,"minecraft:oak_sapling":1,"minecraft:potato":25,"minecraft:stone_pickaxe":131,"minecraft:oak_planks":8,"minecraft:wooden_pickaxe":10,"minecraft:composter":2,"minecraft:sugar_cane":13,"minecraft:diamond_axe":30,"minecraft:white_wool":5,"minecraft:sand":14,"minecraft:blast_furnace":4,"minecraft:black_bed":1,"minecraft:pumpkin_seeds":10,"iceandfire:silver_pickaxe":461,"sophisticatedbackpacks:backpack":1,"iceandfire:armor_copper_metal_chestplate":1,"minecraft:dark_oak_log":5,"minecraft:bread":74,"minecraft:lectern":1,"minecraft:diamond_sword":359,"minecraft:smithing_table":2,"minecraft:dark_oak_fence":169,"minecraft:stone_sword":176,"iceandfire:armor_copper_metal_leggings":1,"minecraft:cooked_salmon":4,"minecraft:stone_hoe":69,"simpletomb:grave_key":3,"minecraft:torch":418,"minecraft:dirt":178,"minecraft:anvil":2,"scalinghealth:heart_crystal":10,"minecraft:white_carpet":9,"minecraft:granite":3,"minecraft:dark_oak_planks":33,"minecraft:iron_axe":870,"minecraft:oak_stairs":1,"minecraft:iron_boots":2,"minecraft:glowstone":6,"minecraft:iron_trapdoor":1,"minecraft:cooked_beef":74,"minecraft:cobbled_deepslate":22,"minecraft:wheat_seeds":28,"minecraft:water_bucket":46,"minecraft:fletching_table":1,"minecraft:green_bed":1,"minecraft:cobblestone_slab":1,"minecraft:leather_boots":1,"k_turrets:gauss_turret_item":2,"minecraft:rail":1,"minecraft:oak_slab":3,"minecraft:crafting_table":12,"minecraft:red_bed":12,"minecraft:white_bed":7,"minecraft:smoker":1,"minecraft:diamond_pickaxe":364,"minecraft:black_wool":2,"minecraft:iron_pickaxe":144,"minecraft:stone_slab":1,"minecraft:spruce_trapdoor":1,"minecraft:stone_axe":260,"minecraft:cobblestone":97,"minecraft:cooked_porkchop":8,"minecraft:bucket":47,"minecraft:candle":3,"minecraft:dandelion":1},"minecraft:custom":{"minecraft:interact_with_crafting_table":73,"minecraft:open_barrel":66,"minecraft:bell_ring":6,"minecraft:leave_game":4,"minecraft:time_since_death":133534,"minecraft:sprint_one_cm":972430,"minecraft:damage_blocked_by_shield":6151,"minecraft:drop":136,"minecraft:talked_to_villager":11,"minecraft:play_time":435743,"minecraft:deaths":12,"minecraft:jump":8607,"minecraft:walk_on_water_one_cm":101317,"minecraft:enchant_item":5,"minecraft:interact_with_furnace":37,"minecraft:traded_with_villager":1,"minecraft:sleep_in_bed":6,"minecraft:damage_dealt":61788,"minecraft:crouch_one_cm":29984,"minecraft:interact_with_smoker":34,"minecraft:mob_kills":315,"minecraft:interact_with_anvil":3,"minecraft:damage_dealt_resisted":272,"minecraft:climb_one_cm":21215,"minecraft:walk_one_cm":1309110,"minecraft:sneak_time":10011,"minecraft:walk_under_water_one_cm":90791,"minecraft:boat_one_cm":30034,"minecraft:interact_with_blast_furnace":38,"minecraft:total_world_time":435743,"minecraft:time_since_rest":133572,"minecraft:damage_taken":17317,"minecraft:trigger_trapped_chest":1,"minecraft:swim_one_cm":111761,"minecraft:fly_one_cm":1666042,"minecraft:open_chest":255,"minecraft:fall_one_cm":206988}},"DataVersion":3465}