{"stats":{"minecraft:mined":{"minecraft:dark_oak_planks":1,"create:zinc_ore":25,"iceandfire:silver_ore":8,"minecraft:brewing_stand":1,"minecraft:grass_block":10,"iceandfire:deepslate_silver_ore":3,"minecraft:spruce_leaves":15,"minecraft:large_fern":4,"minecraft:furnace":2,"minecraft:iron_ore":18,"minecraft:cobbled_deepslate":2,"minecraft:pumpkin":6,"minecraft:deepslate_lapis_ore":4,"minecraft:pointed_dripstone":2,"minecraft:deepslate_iron_ore":14,"minecraft:stone":224,"minecraft:crafting_table":1,"minecraft:torch":1,"minecraft:chest":1,"iceandfire:sapphire_ore":3,"minecraft:sugar_cane":1,"minecraft:diorite":2,"minecraft:blue_bed":3,"minecraft:wall_torch":1,"minecraft:blue_ice":2,"minecraft:ice":2,"minecraft:spruce_log":37,"minecraft:coal_ore":85,"minecraft:dirt":35,"minecraft:gray_carpet":2,"minecraft:cobweb":1,"minecraft:wither_skeleton_skull":1,"minecraft:chipped_anvil":1,"minecraft:deepslate":6,"minecraft:fern":1},"minecraft:killed":{"graveyard:revenant":1,"minecraft:spider":3,"minecraft:skeleton":1,"alexsmobs:rocky_roller":1,"minecraft:zombie_villager":2,"minecraft:zombie":13,"alexsmobs:cockroach":1,"minecraft:stray":1,"alexsmobs:moose":1,"minecraft:player":3},"minecraft:custom":{"minecraft:mob_kills":25,"minecraft:interact_with_crafting_table":22,"minecraft:open_barrel":5,"minecraft:leave_game":2,"minecraft:time_since_death":71,"minecraft:climb_one_cm":1762,"minecraft:sprint_one_cm":207172,"minecraft:walk_one_cm":335309,"minecraft:damage_blocked_by_shield":1354,"minecraft:drop":42,"minecraft:damage_dealt_absorbed":15,"minecraft:play_time":94957,"minecraft:deaths":10,"minecraft:sneak_time":2473,"minecraft:walk_under_water_one_cm":7762,"minecraft:jump":1973,"minecraft:interact_with_brewingstand":1,"minecraft:interact_with_blast_furnace":8,"minecraft:walk_on_water_one_cm":5938,"minecraft:total_world_time":94957,"minecraft:interact_with_furnace":47,"minecraft:sleep_in_bed":1,"minecraft:time_since_rest":106,"minecraft:damage_taken":3885,"minecraft:trigger_trapped_chest":1,"minecraft:damage_dealt":6935,"minecraft:player_kills":3,"minecraft:swim_one_cm":225,"minecraft:fly_one_cm":397903,"minecraft:open_chest":20,"minecraft:crouch_one_cm":7069,"minecraft:fall_one_cm":42555},"minecraft:crafted":{"minecraft:furnace":2,"minecraft:stone_pickaxe":1,"iceandfire:silver_ingot":6,"minecraft:crafting_table":2,"minecraft:spruce_planks":204,"minecraft:wooden_pickaxe":1,"minecraft:iron_helmet":1,"alexsmobs:cooked_moose_ribs":3,"create:zinc_nugget":189,"minecraft:bucket":1,"minecraft:stone_axe":1,"minecraft:air":0,"minecraft:iron_chestplate":1,"minecraft:charcoal":6,"minecraft:stick":28,"minecraft:iron_ingot":24,"minecraft:iron_pickaxe":2,"create:zinc_block":1,"minecraft:stone_sword":1,"minecraft:iron_leggings":1,"minecraft:torch":56,"create:zinc_ingot":53},"minecraft:killed_by":{"minecraft:player":1,"alexsmobs:rocky_roller":1,"minecraft:creeper":1,"minecraft:slime":1,"minecraft:zombie":3,"alexsmobs:moose":3},"minecraft:dropped":{"minecraft:wheat_seeds":2,"minecraft:feather":7,"minecraft:apple":4,"minecraft:chainmail_helmet":1,"minecraft:stick":5,"relics:roller_skates":1,"minecraft:diorite":2,"minecraft:wooden_axe":1,"minecraft:snowball":118,"minecraft:chipped_anvil":1,"minecraft:spruce_sapling":2,"minecraft:sugar_cane":4,"minecraft:stone_sword":1,"alexsmobs:animal_dictionary":2,"minecraft:pointed_dripstone":7,"minecraft:rotten_flesh":6,"minecraft:tipped_arrow":2,"minecraft:spider_eye":11,"minecraft:stone_pickaxe":2,"minecraft:wooden_pickaxe":1},"minecraft:broken":{"minecraft:stone_sword":1,"minecraft:shield":1,"minecraft:leather_boots":1,"minecraft:iron_pickaxe":1},"minecraft:used":{"minecraft:stone_sword":130,"minecraft:iron_shovel":26,"croptopia:glowing_calamari":1,"minecraft:chest":1,"minecraft:spruce_planks":1,"minecraft:shield":36,"minecraft:rotten_flesh":8,"simpletomb:grave_key":18,"minecraft:iron_chestplate":1,"minecraft:torch":52,"minecraft:dirt":11,"minecraft:snowball":48,"minecraft:dark_oak_planks":1,"minecraft:iron_helmet":1,"minecraft:furnace":4,"minecraft:cobbled_deepslate":11,"minecraft:iron_leggings":1,"minecraft:pointed_dripstone":2,"minecraft:water_bucket":1,"minecraft:gray_carpet":2,"minecraft:stone_pickaxe":19,"minecraft:wooden_pickaxe":7,"minecraft:leather_boots":1,"minecraft:blue_bed":3,"minecraft:crafting_table":2,"minecraft:apple":3,"minecraft:bread":18,"minecraft:iron_pickaxe":381,"minecraft:spruce_sapling":2,"minecraft:stone_axe":58,"alexsmobs:cooked_moose_ribs":3,"minecraft:cobblestone":24,"minecraft:bucket":1},"minecraft:picked_up":{"minecraft:wooden_axe":1,"minecraft:crafting_table":1,"minecraft:wheat":5,"minecraft:brewing_stand":1,"minecraft:shield":1,"minecraft:string":4,"minecraft:iron_shovel":1,"minecraft:cobbled_deepslate":13,"minecraft:spruce_planks":4,"minecraft:poppy":1,"minecraft:chest":1,"minecraft:sugar_cane":4,"minecraft:furnace":2,"minecraft:tipped_arrow":2,"minecraft:stick":2,"minecraft:raw_iron":33,"minecraft:torch":4,"minecraft:pointed_dripstone":9,"minecraft:diorite":2,"minecraft:dark_oak_planks":1,"minecraft:stone_sword":1,"minecraft:rotten_flesh":21,"artifacts:cross_necklace":1,"minecraft:snowball":166,"minecraft:cobblestone":215,"iceandfire:sapphire_gem":3,"minecraft:leather":7,"croptopia:glowing_calamari":1,"create:raw_zinc":23,"minecraft:wither_skeleton_skull":3,"minecraft:blue_bed":3,"minecraft:lapis_lazuli":30,"minecraft:dirt":49,"minecraft:bone":8,"minecraft:chipped_anvil":2,"minecraft:gray_carpet":2,"minecraft:wheat_seeds":2,"minecraft:raw_gold":7,"minecraft:gray_bed":1,"minecraft:pumpkin":6,"minecraft:spruce_sapling":4,"minecraft:spruce_log":55,"minecraft:spider_eye":3,"alexsmobs:animal_dictionary":1,"alexsmobs:moose_ribs":3,"minecraft:chainmail_helmet":1,"minecraft:coal":152,"iceandfire:raw_silver":12}},"DataVersion":3465}