{"stats":{"minecraft:dropped":{"battle_allays:shadow_vex_stuff":2,"minecraft:birch_sapling":45,"minecraft:arrow":1,"minecraft:wooden_pickaxe":2},"minecraft:killed":{"battle_allays:shadowofvex":1,"minecraft:pig":4,"undead_revamp2:thehunter":1,"minecraft:spider":1,"minecraft:sheep":7,"minecraft:skeleton":1,"minecraft:zombie":3,"minecraft:chicken":5,"minecraft:cow":4},"minecraft:broken":{"minecraft:stone_axe":1},"minecraft:mined":{"iceandfire:silver_ore":5,"minecraft:dark_oak_log":45,"minecraft:cobblestone":1,"minecraft:copper_ore":13,"minecraft:wall_torch":1,"minecraft:furnace":1,"minecraft:birch_log":106,"minecraft:grass":3,"minecraft:coal_ore":50,"minecraft:sand":14,"minecraft:stone":32},"minecraft:crafted":{"minecraft:cooked_beef":6,"iceandfire:silver_ingot":3,"minecraft:cooked_porkchop":6,"minecraft:crafting_table":3,"minecraft:wooden_pickaxe":1,"minecraft:cooked_chicken":5,"minecraft:furnace":2,"minecraft:birch_planks":20,"minecraft:stone_axe":2,"minecraft:cooked_mutton":10,"minecraft:air":0,"minecraft:stick":8,"minecraft:stone_pickaxe":1,"minecraft:torch":64},"minecraft:used":{"minecraft:stone_pickaxe":92,"minecraft:wooden_pickaxe":10,"simpletomb:grave_key":3,"minecraft:torch":1,"minecraft:sand":1,"minecraft:crafting_table":3,"minecraft:bread":1,"minecraft:birch_sapling":12,"minecraft:iron_boots":1,"minecraft:stone_axe":211,"minecraft:furnace":3,"minecraft:cooked_porkchop":4},"minecraft:picked_up":{"minecraft:birch_log":106,"minecraft:feather":6,"minecraft:chicken":5,"minecraft:leather":2,"minecraft:wooden_pickaxe":1,"minecraft:string":1,"minecraft:raw_copper":39,"minecraft:bone":3,"minecraft:apple":1,"minecraft:beef":6,"minecraft:light_gray_wool":1,"minecraft:birch_sapling":59,"minecraft:furnace":1,"minecraft:dark_oak_sapling":6,"minecraft:stick":16,"battle_allays:shadow_vex_stuff":2,"minecraft:torch":1,"minecraft:porkchop":8,"minecraft:sand":14,"minecraft:dark_oak_log":45,"minecraft:spider_eye":1,"minecraft:arrow":1,"minecraft:black_wool":1,"minecraft:mutton":10,"minecraft:coal":50,"minecraft:white_wool":5,"iceandfire:raw_silver":5,"minecraft:cobblestone":33},"minecraft:custom":{"minecraft:interact_with_furnace":6,"minecraft:mob_kills":27,"minecraft:interact_with_crafting_table":5,"minecraft:bell_ring":3,"minecraft:damage_dealt_resisted":54,"minecraft:time_since_death":11037,"minecraft:climb_one_cm":933,"minecraft:time_since_rest":11065,"minecraft:sprint_one_cm":107271,"minecraft:damage_taken":1823,"minecraft:walk_one_cm":92232,"minecraft:drop":8,"minecraft:damage_dealt":2969,"minecraft:swim_one_cm":2592,"minecraft:talked_to_villager":3,"minecraft:fly_one_cm":122014,"minecraft:open_chest":12,"minecraft:crouch_one_cm":481,"minecraft:play_time":29763,"minecraft:deaths":4,"minecraft:sneak_time":107,"minecraft:walk_under_water_one_cm":3170,"minecraft:jump":644,"minecraft:walk_on_water_one_cm":1320,"minecraft:total_world_time":29763,"minecraft:interact_with_smoker":9,"minecraft:fall_one_cm":13995}},"DataVersion":3465}