{"stats":{"minecraft:killed_by":{"graveyard:acolyte":3,"mutantmonsters:mutant_creeper":2,"minecraft:zombie":3,"alexsmobs:rocky_roller":1,"iceandfire:hydra":1,"minecraft:slime":1,"alexsmobs:moose":3,"iceandfire:cyclops":1,"minecraft:creeper":2,"alexsmobs:tusklin":2,"iceandfire:ice_dragon":12,"stalwart_dungeons:reinforced_blaze":1,"minecraft:player":3,"minecraft:skeleton":2,"graveyard:corrupted_vindicator":2},"minecraft:dropped":{"sophisticatedbackpacks:iron_backpack":1,"minecraft:weeping_vines":2,"iceandfire:frozen_dirt":52,"minecraft:glow_berries":1,"minecraft:warped_roots":1,"minecraft:fletching_table":1,"graveyard:corruption":87,"minecraft:emerald":1,"minecraft:dirt":35,"minecraft:red_bed":1,"minecraft:cracked_deepslate_tiles":5,"minecraft:iron_pickaxe":3,"iceandfire:armor_silver_metal_helmet":1,"alexsmobs:raccoon_tail":1,"minecraft:blue_bed":1,"minecraft:bone":1,"graveyard:dark_iron_trapdoor":2,"minecraft:stone_axe":1,"minecraft:sugar_cane":5,"minecraft:cobbled_deepslate":116,"alexsmobs:animal_dictionary":2,"graveyard:dark_iron_ingot":25,"minecraft:rotten_flesh":6,"minecraft:enchanted_golden_apple":1,"minecraft:jungle_trapdoor":1,"minecraft:white_bed":1,"iceandfire:frozen_grass":4,"stalwart_dungeons:diamond_hammer":1,"minecraft:tipped_arrow":2,"minecraft:deepslate_tiles":9,"minecraft:ladder":75,"minecraft:spruce_slab":3,"minecraft:beef":3,"minecraft:cartography_table":2,"minecraft:wheat_seeds":7,"minecraft:dripstone_block":2,"minecraft:feather":10,"minecraft:iron_helmet":1,"minecraft:cobblestone":22,"minecraft:book":3,"minecraft:apple":4,"minecraft:spruce_door":5,"graveyard:bone_dagger":1,"minecraft:chainmail_helmet":1,"minecraft:coal":44,"minecraft:lava_bucket":1,"stalwart_dungeons:blaze_armor_scrap":1,"relics:roller_skates":1,"minecraft:gray_bed":1,"minecraft:wooden_axe":1,"minecraft:brown_terracotta":3,"minecraft:oak_stairs":6,"minecraft:chipped_anvil":1,"stalwart_dungeons:soul_tiles":1,"minecraft:spruce_sapling":4,"minecraft:furnace":1,"create:ochrum":12,"minecraft:jungle_fence_gate":1,"minecraft:stone_sword":5,"minecraft:green_bed":1,"minecraft:stone_shovel":1,"minecraft:polished_deepslate_slab":12,"minecraft:clay_ball":1,"iceandfire:dragon_skull_ice":3,"minecraft:cobbled_deepslate_slab":3,"minecraft:polished_deepslate_stairs":37,"minecraft:diamond_sword":1,"minecraft:flower_pot":2,"minecraft:spruce_planks":8,"minecraft:spider_eye":12,"minecraft:brown_bed":1,"minecraft:stone_pressure_plate":1,"minecraft:stone_bricks":1,"minecraft:barrel":3,"minecraft:red_sand":2,"minecraft:bow":1,"minecraft:magma_block":1,"graveyard:dark_iron_bars":1,"minecraft:terracotta":9,"minecraft:spruce_sign":1,"minecraft:baked_potato":56,"minecraft:leather":1,"minecraft:flint":1,"minecraft:cobblestone_stairs":2,"minecraft:mutton":3,"minecraft:crimson_roots":1,"minecraft:snowball":305,"minecraft:cauldron":2,"minecraft:gravel":1,"minecraft:blackstone":7,"minecraft:pointed_dripstone":7,"iceandfire:frozen_stone":27,"waystones:warp_stone":2,"minecraft:poppy":2,"minecraft:gunpowder":11,"minecraft:chest":2,"minecraft:basalt":1,"stalwart_dungeons:pusher":9,"minecraft:written_book":1,"minecraft:netherrack":26,"minecraft:oak_slab":1,"graveyard:warped_coffin":3,"minecraft:poisonous_potato":10,"minecraft:amethyst_block":8,"minecraft:stick":20,"minecraft:deepslate_brick_stairs":1,"minecraft:smooth_red_sandstone":2,"minecraft:diorite":2,"minecraft:torch":2,"iceandfire:silver_sword":5,"minecraft:smooth_quartz":3,"iceandfire:armor_silver_metal_chestplate":1,"minecraft:green_carpet":3,"minecraft:cactus":10,"minecraft:bucket":4,"croptopia:glowing_calamari":2,"minecraft:smooth_basalt":3,"minecraft:polished_deepslate":8,"alexsmobs:maggot":2,"betterend:diamond_hammer":3,"minecraft:raw_copper":8,"minecraft:tuff":2,"minecraft:composter":1,"iceandfire:dragonbone_sword_ice":1,"minecraft:deepslate_bricks":4,"minecraft:shield":1,"graveyard:spruce_coffin":33,"minecraft:iron_chestplate":1,"minecraft:andesite":1,"iceandfire:dragonbone_bow":1,"minecraft:golden_sword":1,"minecraft:stone_pickaxe":6,"minecraft:wooden_pickaxe":1,"graveyard:sarcophagus":30,"minecraft:cracked_deepslate_bricks":1,"minecraft:calcite":8,"graveyard:vase_block":3},"minecraft:mined":{"minecraft:dark_oak_planks":1,"minecraft:carved_pumpkin":2,"minecraft:obsidian":3,"minecraft:potted_dead_bush":1,"minecraft:red_sand":3,"minecraft:smooth_red_sandstone_stairs":2,"minecraft:deepslate_bricks":9,"minecraft:spawner":9,"minecraft:magma_block":1,"minecraft:cobbled_deepslate":19,"minecraft:fire":3,"minecraft:barrel":1,"minecraft:pumpkin":6,"minecraft:fletching_table":1,"minecraft:deepslate_lapis_ore":4,"minecraft:smooth_red_sandstone":9,"minecraft:polished_deepslate_slab":13,"minecraft:water_cauldron":1,"minecraft:oak_stairs":10,"minecraft:deepslate_brick_stairs":3,"minecraft:green_carpet":3,"minecraft:jungle_trapdoor":1,"graveyard:light_gray_urn":1,"minecraft:red_bed":5,"graveyard:dark_iron_trapdoor":2,"minecraft:soul_fire":18,"minecraft:powder_snow":5,"minecraft:torch":24,"minecraft:dead_bush":3,"iceandfire:sapphire_ore":4,"minecraft:white_candle":2,"minecraft:sugar_cane":5,"minecraft:amethyst_block":1,"minecraft:grass":1,"minecraft:smooth_quartz":3,"stalwart_dungeons:pusher":14,"minecraft:cut_red_sandstone":12,"minecraft:deepslate":38,"create:zinc_ore":25,"minecraft:deepslate_tiles":11,"iceandfire:silver_ore":8,"stalwart_dungeons:soul_bricks":10,"minecraft:cobbled_deepslate_slab":7,"iceandfire:frozen_grass":4,"minecraft:jungle_planks":2,"minecraft:crimson_roots":1,"graveyard:tg_deepslate":8,"iceandfire:deepslate_silver_ore":3,"minecraft:moss_block":1,"minecraft:cartography_table":1,"minecraft:red_sandstone":4,"minecraft:snow":13,"graveyard:sarcophagus":21,"minecraft:potatoes":4,"minecraft:white_wool":1,"minecraft:oak_slab":2,"minecraft:soul_sand":5,"iceandfire:frozen_gravel":1,"minecraft:cobbled_deepslate_wall":4,"minecraft:deepslate_gold_ore":7,"minecraft:cracked_deepslate_bricks":1,"minecraft:diorite":2,"stalwart_dungeons:tungsten_ore":11,"graveyard:vase_block":3,"minecraft:spruce_log":194,"stalwart_dungeons:igniter":9,"minecraft:gravel":1,"minecraft:dripstone_block":2,"minecraft:cobweb":72,"minecraft:brown_terracotta":3,"minecraft:chipped_anvil":1,"minecraft:fern":1,"minecraft:stone_pressure_plate":1,"minecraft:spruce_planks":3,"minecraft:farmland":14,"minecraft:cobblestone_stairs":2,"minecraft:potted_blue_orchid":1,"minecraft:brewing_stand":1,"minecraft:spruce_trapdoor":5,"minecraft:grass_block":26,"graveyard:warped_coffin":1,"minecraft:soul_soil":27,"minecraft:composter":1,"minecraft:glowstone":19,"minecraft:iron_ore":18,"minecraft:brown_bed":2,"minecraft:pointed_dripstone":2,"minecraft:iron_bars":5,"minecraft:spruce_slab":7,"minecraft:green_bed":1,"minecraft:blackstone":27,"minecraft:polished_deepslate_stairs":45,"stalwart_dungeons:soul_tiles":3,"graveyard:spruce_coffin":29,"iceandfire:dragon_ice_spikes":34,"minecraft:chest":5,"iceandfire:frozen_dirt":56,"minecraft:cobblestone":122,"graveyard:lying_skeleton":1,"minecraft:oak_planks":3,"minecraft:wall_torch":9,"minecraft:blue_ice":2,"minecraft:cracked_deepslate_tiles":8,"minecraft:sand":7,"minecraft:dirt":334,"minecraft:wither_skeleton_skull":1,"minecraft:netherrack":57,"create:crimsite":1,"minecraft:tuff":2,"minecraft:ladder":8,"iceandfire:frozen_stone":35,"minecraft:weeping_vines":1,"create:ochrum":12,"minecraft:spruce_leaves":48,"minecraft:rooted_dirt":1,"minecraft:large_fern":4,"minecraft:spruce_sapling":1,"minecraft:furnace":3,"minecraft:stripped_spruce_log":1,"minecraft:polished_deepslate":6,"minecraft:bookshelf":2,"minecraft:deepslate_iron_ore":14,"minecraft:lantern":1,"minecraft:stone":415,"minecraft:jungle_fence_gate":1,"minecraft:snow_block":46,"minecraft:spruce_door":5,"minecraft:crafting_table":3,"minecraft:lectern":131,"minecraft:deepslate_coal_ore":6,"minecraft:blue_bed":10,"minecraft:spruce_stairs":1,"minecraft:cactus":1,"graveyard:skull_with_rib_cage":1,"minecraft:ice":15,"minecraft:yellow_bed":2,"minecraft:coal_ore":108,"minecraft:flower_pot":1,"graveyard:leaning_skeleton":1,"minecraft:gray_carpet":2,"minecraft:terracotta":15},"minecraft:killed":{"naturalist:robin":1,"graveyard:wraith":2,"minecraft:skeleton":10,"graveyard:acolyte":6,"minecraft:fox":1,"alexsmobs:straddler":6,"alexsmobs:laviathan":2,"minecraft:iron_golem":1,"minecraft:zombie":14,"stalwart_dungeons:incomplete_wither":3,"minecraft:cow":1,"graveyard:nightmare":1,"graveyard:corrupted_vindicator":13,"alexsmobs:raccoon":3,"alexsmobs:tusklin":5,"alexsmobs:rocky_roller":1,"iceandfire:cyclops":1,"iceandfire:ice_dragon":1,"minecraft:enderman":1,"minecraft:zombified_piglin":14,"minecraft:spider":5,"alexsmobs:froststalker":3,"minecraft:piglin":2,"minecraft:pig":6,"minecraft:zombie_villager":2,"minecraft:stray":1,"minecraft:ghast":1,"alexsmobs:fly":1,"graveyard:corrupted_pillager":10,"alexsmobs:bone_serpent":1,"minecraft:vex":1,"graveyard:revenant":1,"stalwart_dungeons:reinforced_blaze":16,"alexsmobs:cockroach":1,"alexsmobs:moose":1,"minecraft:wither_skeleton":15,"minecraft:player":4,"minecraft:villager":1},"minecraft:picked_up":{"minecraft:wooden_axe":1,"minecraft:iron_chestplate":1,"minecraft:flower_pot":4,"minecraft:oak_stairs":10,"minecraft:brown_bed":2,"minecraft:wither_rose":6,"minecraft:enchanted_book":12,"minecraft:brewing_stand":1,"minecraft:golden_sword":1,"minecraft:amethyst_block":30,"minecraft:polished_deepslate":8,"minecraft:soul_soil":28,"minecraft:string":72,"graveyard:sarcophagus":30,"minecraft:gold_nugget":14,"minecraft:cobbled_deepslate":239,"minecraft:spruce_planks":63,"minecraft:enchanted_golden_apple":1,"minecraft:composter":1,"minecraft:green_bed":2,"minecraft:cauldron":2,"minecraft:stone_sword":5,"create:ochrum":12,"minecraft:carved_pumpkin":2,"graveyard:warped_coffin":3,"minecraft:blaze_rod":25,"minecraft:iron_bars":5,"minecraft:snowball":467,"iceandfire:sapphire_gem":4,"minecraft:magma_block":1,"minecraft:feather":3,"minecraft:oxidized_copper":14,"minecraft:flint":2,"minecraft:lantern":2,"stalwart_dungeons:blaze_armor_scrap":10,"minecraft:chipped_anvil":2,"minecraft:diamond_helmet":1,"minecraft:glowstone_dust":63,"minecraft:moss_block":1,"minecraft:stripped_spruce_log":1,"sophisticatedbackpacks:iron_backpack":1,"alexsmobs:animal_dictionary":1,"minecraft:red_terracotta":2,"minecraft:barrel":3,"minecraft:white_candle":11,"create:crimsite":1,"minecraft:chainmail_helmet":1,"alexsmobs:maggot":2,"minecraft:rooted_dirt":1,"minecraft:crimson_roots":1,"iceandfire:raw_silver":12,"minecraft:crafting_table":3,"iceandfire:witherbone":7,"minecraft:clay_ball":1,"graveyard:dark_iron_ingot":25,"iceandfire:frozen_grass":4,"minecraft:jungle_trapdoor":1,"minecraft:red_bed":4,"minecraft:iron_shovel":3,"minecraft:cartography_table":2,"minecraft:beef":4,"minecraft:poppy":2,"minecraft:spruce_slab":7,"minecraft:chest":5,"minecraft:polished_deepslate_slab":15,"minecraft:jungle_fence_gate":1,"graveyard:dark_iron_bars":1,"minecraft:carrot":1,"iceandfire:dragon_skull_ice":8,"minecraft:deepslate_bricks":8,"minecraft:cracked_deepslate_bricks":2,"minecraft:gold_ingot":9,"minecraft:mutton":6,"minecraft:glow_berries":1,"minecraft:white_wool":3,"minecraft:smooth_red_sandstone_stairs":2,"minecraft:smooth_red_sandstone":9,"croptopia:glowing_calamari":1,"graveyard:spruce_coffin":34,"stalwart_dungeons:diamond_hammer":1,"minecraft:blue_bed":12,"minecraft:stone_bricks":1,"minecraft:stone_pickaxe":2,"minecraft:cobweb":602,"minecraft:gray_bed":1,"minecraft:iron_sword":1,"minecraft:smooth_basalt":3,"minecraft:gravel":1,"minecraft:spruce_sapling":11,"minecraft:spruce_log":229,"graveyard:vase_block":4,"iceandfire:silver_sword":5,"minecraft:baked_potato":45,"minecraft:ender_pearl":15,"minecraft:wheat":5,"minecraft:raw_copper":61,"minecraft:oak_sign":3,"minecraft:deepslate_tiles":9,"minecraft:red_sand":4,"minecraft:bucket":4,"minecraft:calcite":8,"minecraft:smooth_quartz":10,"minecraft:iron_pickaxe":6,"alexsmobs:raccoon_tail":1,"minecraft:furnace":3,"minecraft:tipped_arrow":2,"minecraft:stick":27,"minecraft:brown_terracotta":3,"minecraft:polished_deepslate_stairs":41,"minecraft:torch":88,"iceandfire:dragonscales_white":32,"minecraft:spruce_stairs":1,"minecraft:porkchop":29,"minecraft:pointed_dripstone":9,"minecraft:diorite":2,"graveyard:dark_iron_trapdoor":2,"minecraft:cactus":12,"minecraft:rotten_flesh":125,"minecraft:deepslate_brick_stairs":3,"minecraft:obsidian":3,"minecraft:cobblestone":516,"minecraft:magma_cream":2,"minecraft:andesite":1,"minecraft:potato":535,"minecraft:tuff":2,"create:raw_zinc":23,"minecraft:wither_skeleton_skull":3,"minecraft:dirt":396,"minecraft:lapis_lazuli":30,"minecraft:bone":483,"minecraft:bow":3,"minecraft:wheat_seeds":7,"minecraft:cobbled_deepslate_wall":1,"minecraft:raw_gold":68,"minecraft:cobbled_deepslate_slab":3,"minecraft:fletching_table":1,"minecraft:oak_planks":12,"graveyard:bone_dagger":1,"minecraft:poisonous_potato":10,"minecraft:jungle_planks":2,"minecraft:sand":7,"minecraft:dead_bush":8,"iceandfire:frozen_dirt":53,"minecraft:diamond":3,"waystones:waystone":3,"minecraft:bone_meal":87,"minecraft:golden_apple":1,"alexsmobs:moose_ribs":3,"minecraft:spruce_sign":1,"minecraft:emerald":28,"minecraft:netherrack":52,"minecraft:ladder":9,"minecraft:packed_ice":2,"stalwart_dungeons:soul_bricks":19,"minecraft:shield":2,"iceandfire:frozen_stone":28,"minecraft:blue_orchid":1,"minecraft:blackstone":50,"graveyard:corruption":89,"minecraft:candle":16,"minecraft:lectern":133,"minecraft:sugar_cane":13,"minecraft:spruce_trapdoor":5,"minecraft:raw_iron":59,"iceandfire:dragonbone":55,"minecraft:copper_ingot":19,"minecraft:stone_pressure_plate":1,"minecraft:dark_oak_planks":1,"minecraft:weeping_vines":2,"minecraft:arrow":16,"iceandfire:cyclops_eye":1,"stalwart_dungeons:raw_tungsten":9,"artifacts:cross_necklace":1,"minecraft:cracked_deepslate_tiles":5,"minecraft:basalt":5,"betterend:diamond_hammer":2,"minecraft:leather":13,"artifacts:superstitious_hat":1,"minecraft:yellow_bed":2,"minecraft:gunpowder":130,"minecraft:cobblestone_stairs":2,"minecraft:gray_carpet":2,"minecraft:red_sandstone":4,"stalwart_dungeons:pusher":9,"minecraft:iron_ingot":22,"minecraft:soul_sand":3,"minecraft:book":22,"minecraft:oak_slab":2,"minecraft:black_candle":13,"minecraft:pumpkin":6,"minecraft:dripstone_block":2,"minecraft:lava_bucket":1,"stalwart_dungeons:soul_tiles":5,"minecraft:amethyst_shard":45,"minecraft:spruce_door":6,"minecraft:green_carpet":3,"minecraft:spider_eye":4,"minecraft:cut_red_sandstone":12,"minecraft:terracotta":15,"stalwart_dungeons:igniter":6,"minecraft:coal":300},"minecraft:used":{"minecraft:moss_block":1,"minecraft:spruce_slab":8,"iceandfire:dragon_skull_ice":1,"minecraft:chest":6,"minecraft:rotten_flesh":15,"betterend:diamond_hammer":237,"graveyard:vase_block":1,"minecraft:snowball":161,"minecraft:stripped_spruce_log":1,"minecraft:packed_ice":2,"minecraft:lava_bucket":6,"minecraft:bow":10,"minecraft:furnace":6,"minecraft:egg":1,"minecraft:potato":61,"minecraft:spruce_door":1,"minecraft:cactus":1,"minecraft:blackstone":43,"iceandfire:dragonbone_sword_ice":206,"create:crimsite":1,"minecraft:wooden_pickaxe":7,"iceandfire:frozen_dirt":1,"minecraft:sand":1,"stalwart_dungeons:soul_bricks":16,"minecraft:smooth_red_sandstone":7,"minecraft:deepslate_brick_stairs":2,"minecraft:red_sandstone":4,"minecraft:lectern":134,"minecraft:red_terracotta":2,"minecraft:cut_red_sandstone":12,"minecraft:diamond_sword":139,"minecraft:iron_bars":5,"minecraft:stone_sword":130,"iceandfire:silver_sword":343,"minecraft:carved_pumpkin":2,"croptopia:glowing_calamari":1,"minecraft:netherrack":26,"minecraft:torch":171,"minecraft:brewing_stand":1,"minecraft:chipped_anvil":1,"minecraft:iron_axe":307,"minecraft:rooted_dirt":1,"stalwart_dungeons:diamond_hammer":4,"minecraft:smooth_quartz":7,"minecraft:basalt":4,"minecraft:cobbled_deepslate":26,"minecraft:pointed_dripstone":2,"sophisticatedbackpacks:gold_backpack":2,"minecraft:water_bucket":54,"minecraft:leather_boots":1,"minecraft:deepslate_bricks":4,"minecraft:polished_deepslate_slab":3,"minecraft:oak_slab":1,"minecraft:crafting_table":9,"minecraft:red_bed":3,"minecraft:spruce_log":7,"minecraft:iron_pickaxe":1066,"minecraft:spruce_trapdoor":7,"minecraft:spruce_sapling":7,"minecraft:cobblestone":541,"minecraft:cooked_porkchop":4,"minecraft:porkchop":5,"minecraft:red_sand":2,"minecraft:iron_shovel":251,"minecraft:oak_sign":3,"minecraft:shield":107,"minecraft:iron_sword":80,"minecraft:iron_chestplate":1,"iceandfire:frozen_stone":1,"minecraft:obsidian":10,"minecraft:polished_deepslate_stairs":4,"iceandfire:armor_white_boots":1,"minecraft:lantern":2,"minecraft:iron_helmet":1,"minecraft:stone_bricks":1,"iceandfire:armor_white_leggings":2,"minecraft:gray_carpet":2,"minecraft:stone_pickaxe":25,"minecraft:oak_planks":4,"minecraft:blue_bed":11,"minecraft:sugar_cane":8,"minecraft:white_wool":2,"graveyard:spruce_coffin":1,"waystones:waystone":4,"minecraft:bread":21,"alexsmobs:cooked_moose_ribs":3,"minecraft:bone_meal":3,"minecraft:experience_bottle":20,"minecraft:flint_and_steel":1,"minecraft:cracked_deepslate_bricks":1,"iceandfire:armor_white_helmet":3,"minecraft:spruce_planks":74,"minecraft:stone_hoe":57,"simpletomb:grave_key":56,"minecraft:dirt":361,"minecraft:spruce_stairs":1,"minecraft:diamond_helmet":1,"iceandfire:armor_silver_metal_helmet":1,"minecraft:dark_oak_planks":1,"iceandfire:dragonbone_shovel":31,"minecraft:oak_stairs":4,"minecraft:iron_boots":1,"minecraft:soul_soil":25,"minecraft:cooked_beef":1,"minecraft:pumpkin":1,"minecraft:iron_leggings":1,"minecraft:brown_bed":1,"minecraft:cobbled_deepslate_wall":1,"minecraft:amethyst_block":1,"minecraft:baked_potato":143,"minecraft:green_bed":1,"minecraft:terracotta":6,"minecraft:smooth_red_sandstone_stairs":2,"minecraft:smoker":1,"minecraft:flower_pot":2,"minecraft:apple":5,"minecraft:stone_axe":108,"minecraft:bucket":62,"minecraft:yellow_bed":2},"minecraft:crafted":{"waystones:waystone":1,"sophisticatedbackpacks:crafting_upgrade":1,"minecraft:bookshelf":2,"minecraft:glass":6,"minecraft:glass_bottle":6,"minecraft:emerald":40,"minecraft:cooked_porkchop":24,"minecraft:copper_ingot":76,"waystones:warp_stone":4,"minecraft:lectern":2,"iceandfire:dragonbone_sword_ice":2,"iceandfire:armor_white_helmet":1,"minecraft:iron_pickaxe":3,"iceandfire:armor_white_chestplate":1,"minecraft:gold_ingot":7,"iceandfire:silver_sword":1,"minecraft:stone_shovel":1,"minecraft:bone_meal":3,"minecraft:ladder":66,"minecraft:spruce_slab":12,"minecraft:stone_pickaxe":2,"iceandfire:dragonbone_sword":2,"alexsmobs:cooked_moose_ribs":3,"sophisticatedbackpacks:gold_backpack":1,"minecraft:enchanted_book":9,"iceandfire:armor_white_leggings":1,"create:zinc_block":1,"minecraft:iron_leggings":2,"minecraft:white_bed":1,"iceandfire:dragonbone_shovel":1,"minecraft:stone":4,"minecraft:iron_boots":2,"minecraft:chest":5,"minecraft:stone_hoe":1,"minecraft:stone_bricks":4,"minecraft:smoker":1,"sophisticatedbackpacks:backpack":1,"minecraft:crafting_table":7,"minecraft:spruce_planks":764,"minecraft:baked_potato":364,"minecraft:wooden_pickaxe":1,"minecraft:iron_helmet":1,"create:zinc_nugget":189,"iceandfire:armor_white_boots":1,"sophisticatedbackpacks:upgrade_base":1,"iceandfire:dragonbone_bow":1,"minecraft:spruce_trapdoor":2,"minecraft:iron_chestplate":2,"minecraft:charcoal":7,"minecraft:shield":3,"sophisticatedbackpacks:diamond_backpack":1,"minecraft:stick":911,"minecraft:iron_ingot":47,"minecraft:stone_sword":1,"iceandfire:dragon_stick":1,"minecraft:furnace":5,"minecraft:flint_and_steel":1,"minecraft:iron_axe":2,"sophisticatedbackpacks:iron_backpack":1,"minecraft:cooked_beef":1,"minecraft:diamond_sword":1,"iceandfire:silver_ingot":12,"minecraft:bucket":3,"minecraft:stone_axe":2,"minecraft:air":0,"minecraft:torch":88,"create:zinc_ingot":63},"minecraft:broken":{"minecraft:iron_boots":1,"minecraft:iron_chestplate":1,"minecraft:iron_leggings":1,"minecraft:iron_sword":1,"minecraft:stone_sword":1,"minecraft:shield":3,"minecraft:iron_axe":1,"minecraft:iron_pickaxe":5,"minecraft:iron_shovel":1,"minecraft:stone_axe":1,"minecraft:leather_boots":1},"minecraft:custom":{"minecraft:interact_with_crafting_table":87,"minecraft:open_barrel":15,"minecraft:bell_ring":4,"minecraft:leave_game":13,"minecraft:time_since_death":4855,"minecraft:damage_blocked_by_shield":3557,"minecraft:play_time":578547,"minecraft:deaths":42,"minecraft:jump":10098,"minecraft:interact_with_furnace":86,"minecraft:traded_with_villager":49,"minecraft:sleep_in_bed":4,"minecraft:waystone_activated":5,"minecraft:damage_dealt":39885,"minecraft:interact_with_smoker":54,"minecraft:interact_with_anvil":11,"minecraft:damage_dealt_absorbed":15,"minecraft:sneak_time":21270,"minecraft:interact_with_lectern":2,"minecraft:interact_with_blast_furnace":29,"minecraft:total_world_time":578547,"minecraft:tune_noteblock":2,"minecraft:time_since_rest":4885,"minecraft:swim_one_cm":701,"minecraft:fly_one_cm":1824849,"minecraft:open_chest":204,"minecraft:fall_one_cm":235620,"minecraft:sprint_one_cm":874091,"minecraft:drop":423,"minecraft:talked_to_villager":260,"minecraft:interact_with_brewingstand":2,"minecraft:walk_on_water_one_cm":25917,"minecraft:interact_with_loom":5,"minecraft:player_kills":4,"minecraft:crouch_one_cm":59766,"minecraft:mob_kills":162,"minecraft:climb_one_cm":10149,"minecraft:walk_one_cm":1782147,"minecraft:walk_under_water_one_cm":32391,"minecraft:pot_flower":1,"minecraft:interact_with_grindstone":2,"minecraft:damage_taken":19518,"minecraft:trigger_trapped_chest":1}},"DataVersion":3465}