{"stats":{"minecraft:custom":{"minecraft:interact_with_anvil":2,"minecraft:mob_kills":95,"minecraft:interact_with_crafting_table":35,"minecraft:open_barrel":8,"minecraft:bell_ring":6,"minecraft:damage_dealt_resisted":216,"minecraft:leave_game":3,"minecraft:time_since_death":50186,"minecraft:climb_one_cm":20211,"minecraft:sprint_one_cm":475144,"minecraft:walk_one_cm":407000,"minecraft:damage_blocked_by_shield":1042,"minecraft:drop":56,"minecraft:talked_to_villager":6,"minecraft:play_time":159073,"minecraft:sneak_time":3370,"minecraft:deaths":9,"minecraft:walk_under_water_one_cm":14871,"minecraft:boat_one_cm":30034,"minecraft:jump":3105,"minecraft:interact_with_blast_furnace":33,"minecraft:walk_on_water_one_cm":13650,"minecraft:total_world_time":159073,"minecraft:interact_with_furnace":28,"minecraft:sleep_in_bed":2,"minecraft:time_since_rest":32888,"minecraft:damage_taken":5935,"minecraft:damage_dealt":13055,"minecraft:swim_one_cm":58337,"minecraft:fly_one_cm":566300,"minecraft:open_chest":24,"minecraft:crouch_one_cm":9761,"minecraft:interact_with_smoker":26,"minecraft:fall_one_cm":69699},"minecraft:killed":{"battle_allays:crossbowvex":3,"undead_revamp2:thehunter":2,"minecraft:spider":2,"battle_allays:void_vex":1,"undead_revamp2:bomber":2,"minecraft:skeleton":4,"minecraft:chicken":9,"minecraft:drowned":1,"artifacts:mimic":1,"battle_allays:shadowofvex":1,"minecraft:pig":15,"minecraft:zombie_villager":2,"undead_revamp2:the_moonflower":1,"minecraft:creeper":1,"minecraft:sheep":18,"minecraft:zombie":8,"minecraft:cow":22},"minecraft:used":{"minecraft:stone_sword":76,"iceandfire:armor_copper_metal_leggings":1,"minecraft:shield":18,"minecraft:cooked_salmon":4,"simpletomb:grave_key":3,"minecraft:torch":254,"minecraft:anvil":1,"scalinghealth:heart_crystal":1,"iceandfire:spawn_egg_fire_dragon":1,"minecraft:granite":2,"minecraft:iron_axe":679,"minecraft:birch_sapling":12,"minecraft:iron_helmet":1,"minecraft:iron_boots":1,"minecraft:stone_bricks":1,"minecraft:red_carpet":1,"minecraft:iron_trapdoor":1,"minecraft:oak_sapling":1,"minecraft:furnace":5,"minecraft:cooked_beef":6,"battle_allays:chestinchest":18,"minecraft:stone_pickaxe":131,"minecraft:wooden_pickaxe":10,"minecraft:white_wool":5,"minecraft:rail":1,"minecraft:sand":14,"minecraft:crafting_table":8,"minecraft:red_bed":1,"minecraft:blast_furnace":2,"minecraft:black_bed":1,"iceandfire:silver_pickaxe":313,"minecraft:black_wool":2,"iceandfire:armor_copper_metal_chestplate":1,"minecraft:dark_oak_log":5,"minecraft:bread":30,"minecraft:stone_axe":260,"minecraft:cobblestone":60,"minecraft:smithing_table":1,"minecraft:dark_oak_fence":1,"minecraft:cooked_porkchop":8},"minecraft:dropped":{"minecraft:wheat_seeds":1,"minecraft:feather":2,"minecraft:crossbow":1,"iceandfire:armor_copper_metal_chestplate":1,"minecraft:book":1,"minecraft:leather":22,"minecraft:copper_ingot":1,"minecraft:red_carpet":1,"minecraft:cobweb":1,"battle_allays:vexs_stuff":2,"minecraft:iron_door":1,"minecraft:gold_nugget":50,"minecraft:white_banner":3,"iceandfire:spawn_egg_fire_dragon":1,"iceandfire:armor_silver_metal_helmet":1,"minecraft:string":43,"minecraft:bone":6,"battle_allays:shadow_vex_stuff":5,"minecraft:stone_axe":2,"minecraft:coarse_dirt":4,"minecraft:tuff":3,"minecraft:birch_sapling":47,"minecraft:rotten_flesh":18,"minecraft:leather_chestplate":1,"minecraft:gunpowder":1,"minecraft:cyan_banner":1,"minecraft:spider_eye":4,"minecraft:arrow":2,"minecraft:wooden_pickaxe":2,"iceandfire:armor_copper_metal_leggings":1},"minecraft:crafted":{"minecraft:oak_planks":8,"minecraft:cooked_chicken":6,"minecraft:furnace":3,"iceandfire:armor_copper_metal_leggings":1,"minecraft:cooked_mutton":23,"sophisticatedbackpacks:copper_backpack":1,"minecraft:iron_axe":4,"iceandfire:armor_copper_metal_chestplate":1,"minecraft:stone_pickaxe":1,"minecraft:chest":1,"sophisticatedbackpacks:iron_backpack":1,"minecraft:wheat":126,"minecraft:cooked_beef":42,"sophisticatedbackpacks:backpack":1,"iceandfire:silver_ingot":11,"minecraft:cooked_porkchop":10,"minecraft:crafting_table":5,"minecraft:wooden_pickaxe":1,"minecraft:iron_helmet":1,"minecraft:copper_ingot":60,"sophisticatedbackpacks:gold_backpack":1,"minecraft:birch_planks":78,"minecraft:stone_axe":3,"minecraft:bread":42,"minecraft:air":0,"iceandfire:armor_silver_metal_helmet":1,"minecraft:iron_chestplate":1,"minecraft:shield":1,"minecraft:stick":84,"minecraft:iron_ingot":51,"minecraft:stone_sword":2,"minecraft:iron_leggings":1,"minecraft:gold_ingot":39,"minecraft:torch":184,"iceandfire:silver_pickaxe":1},"minecraft:mined":{"minecraft:red_carpet":1,"minecraft:tuff":3,"iceandfire:silver_ore":12,"minecraft:dark_oak_log":553,"minecraft:granite":2,"minecraft:dark_oak_fence":1,"minecraft:spawner":2,"minecraft:hay_block":18,"minecraft:furnace":4,"minecraft:iron_ore":48,"minecraft:deepslate_lapis_ore":7,"minecraft:anvil":2,"minecraft:gold_block":1,"minecraft:deepslate_iron_ore":5,"minecraft:rail":1,"minecraft:white_banner":1,"minecraft:stone":115,"minecraft:white_wool":8,"minecraft:smithing_table":2,"minecraft:red_bed":1,"minecraft:smoker":1,"minecraft:powder_snow":39,"minecraft:crafting_table":3,"minecraft:blast_furnace":4,"minecraft:emerald_ore":16,"minecraft:tall_grass":4,"minecraft:copper_ore":20,"minecraft:cobblestone":36,"minecraft:deepslate_gold_ore":23,"minecraft:diorite":2,"minecraft:iron_door":1,"minecraft:wall_torch":4,"minecraft:coarse_dirt":6,"minecraft:birch_log":123,"minecraft:tnt":7,"minecraft:black_bed":2,"minecraft:white_wall_banner":2,"minecraft:grass":5,"minecraft:oak_log":25,"minecraft:coal_ore":130,"minecraft:sand":14,"minecraft:dirt":2,"minecraft:cobweb":68,"minecraft:stone_bricks":1,"minecraft:oak_leaves":11,"minecraft:iron_trapdoor":1,"minecraft:deepslate":8},"minecraft:broken":{"minecraft:stone_sword":1,"minecraft:stone_pickaxe":1,"minecraft:iron_axe":3,"minecraft:stone_axe":1},"minecraft:picked_up":{"minecraft:crafting_table":4,"minecraft:coarse_dirt":4,"minecraft:chicken":9,"minecraft:iron_trapdoor":1,"minecraft:anvil":2,"minecraft:smithing_table":2,"minecraft:wooden_pickaxe":1,"minecraft:gold_block":1,"battle_allays:chestinchest":20,"minecraft:string":49,"minecraft:red_bed":1,"minecraft:raw_copper":60,"minecraft:gold_nugget":50,"minecraft:cobbled_deepslate":9,"minecraft:beef":42,"minecraft:light_gray_wool":1,"minecraft:sugar_cane":9,"minecraft:birch_sapling":59,"minecraft:furnace":4,"minecraft:golden_helmet":1,"minecraft:dark_oak_sapling":59,"minecraft:stick":43,"minecraft:raw_iron":53,"minecraft:torch":159,"minecraft:porkchop":31,"minecraft:tnt":7,"minecraft:arrow":5,"minecraft:rotten_flesh":20,"minecraft:hay_block":18,"minecraft:mutton":23,"minecraft:rail":1,"minecraft:white_wool":19,"minecraft:cobblestone":147,"minecraft:birch_log":121,"minecraft:feather":11,"minecraft:iron_door":1,"minecraft:black_bed":1,"minecraft:leather":18,"minecraft:smoker":1,"artifacts:anglers_hat":1,"minecraft:tuff":3,"minecraft:oak_log":25,"minecraft:gunpowder":1,"scalinghealth:heart_crystal":1,"minecraft:lapis_lazuli":42,"minecraft:dirt":2,"minecraft:white_banner":3,"minecraft:red_carpet":2,"minecraft:bone":7,"minecraft:apple":15,"minecraft:stone_bricks":1,"minecraft:wheat_seeds":1,"minecraft:raw_gold":23,"minecraft:cobweb":1,"battle_allays:shadow_vex_stuff":6,"minecraft:cooked_porkchop":17,"battle_allays:vexs_stuff":2,"minecraft:sand":14,"minecraft:blast_furnace":4,"minecraft:dark_oak_log":444,"minecraft:spider_eye":5,"minecraft:cyan_banner":1,"minecraft:crossbow":1,"minecraft:granite":2,"minecraft:emerald":16,"minecraft:oak_sapling":14,"minecraft:dark_oak_fence":1,"minecraft:black_wool":2,"minecraft:coal":229,"iceandfire:raw_silver":11}},"DataVersion":3465}