{"stats":{"minecraft:killed_by":{"graveyard:acolyte":3,"mutantmonsters:mutant_creeper":2,"minecraft:zombie":3,"alexsmobs:rocky_roller":1,"iceandfire:hydra":1,"minecraft:slime":1,"alexsmobs:moose":3,"iceandfire:cyclops":1,"minecraft:creeper":2,"alexsmobs:tusklin":2,"iceandfire:ice_dragon":12,"stalwart_dungeons:reinforced_blaze":1,"minecraft:player":3,"minecraft:skeleton":2,"graveyard:corrupted_vindicator":2},"minecraft:mined":{"minecraft:dark_oak_planks":1,"minecraft:red_nether_bricks":13,"minecraft:carved_pumpkin":2,"minecraft:obsidian":7,"minecraft:potted_dead_bush":1,"minecraft:red_sand":3,"minecraft:smooth_red_sandstone_stairs":3,"minecraft:deepslate_bricks":9,"minecraft:nether_wart":3,"minecraft:spawner":9,"minecraft:magma_block":1,"minecraft:cobbled_deepslate":19,"minecraft:fire":18,"minecraft:barrel":1,"minecraft:pumpkin":6,"minecraft:fletching_table":1,"minecraft:deepslate_lapis_ore":4,"minecraft:nether_brick_stairs":10,"minecraft:smooth_red_sandstone":9,"minecraft:polished_deepslate_slab":13,"minecraft:water_cauldron":1,"minecraft:oak_stairs":10,"minecraft:deepslate_brick_stairs":3,"minecraft:green_carpet":3,"minecraft:jungle_trapdoor":1,"graveyard:light_gray_urn":1,"minecraft:red_bed":5,"graveyard:dark_iron_trapdoor":2,"minecraft:soul_fire":44,"minecraft:powder_snow":5,"minecraft:torch":24,"minecraft:dead_bush":5,"minecraft:nether_brick_slab":1,"iceandfire:sapphire_ore":4,"minecraft:white_candle":2,"minecraft:sugar_cane":38,"minecraft:amethyst_block":1,"minecraft:grass":47,"minecraft:loom":3,"minecraft:smooth_quartz":4,"stalwart_dungeons:pusher":14,"minecraft:smooth_basalt":1,"minecraft:cut_red_sandstone":12,"minecraft:deepslate":41,"create:zinc_ore":25,"minecraft:deepslate_tiles":11,"iceandfire:silver_ore":11,"stalwart_dungeons:soul_bricks":18,"minecraft:nether_bricks":43,"minecraft:cobbled_deepslate_slab":7,"iceandfire:frozen_grass":4,"minecraft:jungle_planks":2,"minecraft:crimson_roots":1,"graveyard:tg_deepslate":8,"iceandfire:deepslate_silver_ore":3,"minecraft:moss_block":1,"minecraft:cartography_table":1,"minecraft:red_sandstone":4,"minecraft:snow":43,"graveyard:sarcophagus":21,"minecraft:potatoes":4,"iceandfire:frost_lily":1,"minecraft:white_wool":1,"minecraft:oak_slab":2,"minecraft:soul_sand":8,"minecraft:dandelion":4,"iceandfire:frozen_gravel":1,"minecraft:cobbled_deepslate_wall":4,"minecraft:copper_ore":8,"minecraft:tall_grass":36,"minecraft:deepslate_gold_ore":14,"minecraft:cracked_deepslate_bricks":1,"minecraft:diorite":2,"stalwart_dungeons:tungsten_ore":11,"graveyard:vase_block":3,"minecraft:spruce_log":531,"stalwart_dungeons:igniter":9,"minecraft:gravel":1,"minecraft:dripstone_block":3,"minecraft:cobweb":83,"minecraft:brown_terracotta":3,"minecraft:chipped_anvil":1,"minecraft:fern":1,"minecraft:stone_pressure_plate":1,"minecraft:spruce_planks":3,"minecraft:farmland":14,"minecraft:cobblestone_stairs":2,"minecraft:potted_blue_orchid":1,"minecraft:brewing_stand":1,"minecraft:spruce_trapdoor":5,"minecraft:grass_block":65,"graveyard:warped_coffin":1,"minecraft:soul_soil":27,"minecraft:composter":1,"minecraft:glowstone":19,"minecraft:red_nether_brick_stairs":6,"minecraft:iron_ore":20,"minecraft:brown_bed":2,"minecraft:pointed_dripstone":4,"minecraft:iron_bars":5,"minecraft:spruce_slab":7,"minecraft:green_bed":1,"minecraft:blackstone":52,"minecraft:polished_deepslate_stairs":48,"stalwart_dungeons:soul_tiles":3,"graveyard:spruce_coffin":29,"iceandfire:dragon_ice_spikes":34,"minecraft:poppy":8,"minecraft:chest":5,"iceandfire:frozen_dirt":56,"minecraft:cobblestone":131,"graveyard:lying_skeleton":1,"minecraft:oak_planks":3,"minecraft:wall_torch":10,"minecraft:lapis_block":1,"minecraft:blue_ice":2,"minecraft:tnt":1,"minecraft:cracked_deepslate_tiles":8,"minecraft:sand":7,"minecraft:dirt":345,"minecraft:wither_skeleton_skull":1,"minecraft:netherrack":181,"create:crimsite":1,"minecraft:crying_obsidian":2,"minecraft:tuff":6,"minecraft:ladder":8,"iceandfire:frozen_stone":35,"minecraft:weeping_vines":1,"create:ochrum":12,"minecraft:spruce_leaves":52,"minecraft:rooted_dirt":1,"minecraft:large_fern":4,"minecraft:spruce_sapling":1,"minecraft:furnace":3,"minecraft:stripped_spruce_log":1,"minecraft:nether_brick_fence":2,"minecraft:polished_deepslate":6,"minecraft:bookshelf":34,"minecraft:deepslate_iron_ore":17,"minecraft:lantern":1,"minecraft:stone":430,"minecraft:jungle_fence_gate":1,"minecraft:snow_block":107,"minecraft:spruce_door":5,"minecraft:crafting_table":3,"minecraft:lectern":135,"minecraft:deepslate_coal_ore":6,"minecraft:blue_bed":10,"minecraft:spruce_stairs":1,"minecraft:cactus":1,"graveyard:skull_with_rib_cage":1,"minecraft:ice":18,"minecraft:yellow_bed":2,"minecraft:coal_ore":132,"minecraft:flower_pot":1,"graveyard:leaning_skeleton":1,"minecraft:gray_carpet":2,"minecraft:terracotta":16},"minecraft:dropped":{"sophisticatedbackpacks:iron_backpack":1,"minecraft:weeping_vines":2,"iceandfire:frozen_dirt":52,"minecraft:glow_berries":1,"minecraft:warped_roots":1,"minecraft:fletching_table":1,"graveyard:corruption":87,"minecraft:emerald":44,"minecraft:dirt":35,"minecraft:red_bed":1,"minecraft:cracked_deepslate_tiles":5,"minecraft:writable_book":3,"minecraft:bone_meal":44,"minecraft:iron_pickaxe":3,"iceandfire:armor_silver_metal_helmet":1,"alexsmobs:raccoon_tail":1,"minecraft:blue_bed":1,"iceandfire:dragonbone_pickaxe":2,"minecraft:bone":1,"graveyard:dark_iron_trapdoor":2,"minecraft:stone_axe":1,"minecraft:sugar_cane":5,"minecraft:cobbled_deepslate":123,"alexsmobs:animal_dictionary":2,"minecraft:wheat":1,"graveyard:dark_iron_ingot":25,"minecraft:rotten_flesh":6,"minecraft:enchanted_golden_apple":1,"minecraft:jungle_trapdoor":1,"minecraft:white_bed":1,"iceandfire:frozen_grass":4,"stalwart_dungeons:diamond_hammer":1,"minecraft:tipped_arrow":2,"minecraft:deepslate_tiles":9,"minecraft:ladder":75,"minecraft:spruce_slab":3,"minecraft:red_nether_bricks":7,"minecraft:beef":3,"minecraft:cartography_table":2,"minecraft:golden_boots":3,"minecraft:wheat_seeds":20,"minecraft:dripstone_block":2,"stalwart_dungeons:igniter":6,"minecraft:iron_helmet":2,"minecraft:feather":10,"minecraft:cobblestone":22,"minecraft:book":67,"minecraft:apple":4,"minecraft:spruce_door":5,"graveyard:bone_dagger":1,"minecraft:chainmail_helmet":1,"minecraft:coal":44,"minecraft:lava_bucket":1,"stalwart_dungeons:blaze_armor_scrap":1,"relics:roller_skates":1,"minecraft:gray_bed":1,"minecraft:wooden_axe":1,"minecraft:brown_terracotta":3,"minecraft:oak_stairs":6,"minecraft:chipped_anvil":1,"stalwart_dungeons:soul_tiles":1,"minecraft:spruce_sapling":6,"minecraft:furnace":1,"create:ochrum":12,"minecraft:jungle_fence_gate":1,"minecraft:stone_sword":7,"minecraft:green_bed":1,"minecraft:stone_shovel":1,"minecraft:polished_deepslate_slab":12,"minecraft:clay_ball":1,"iceandfire:dragon_skull_ice":3,"minecraft:cobbled_deepslate_slab":3,"minecraft:polished_deepslate_stairs":37,"minecraft:diamond_sword":1,"minecraft:shroomlight":1,"mutantmonsters:mutant_skeleton_rib_cage":1,"minecraft:flower_pot":2,"minecraft:spruce_planks":8,"mutantmonsters:mutant_skeleton_leggings":1,"minecraft:spider_eye":13,"minecraft:brown_bed":1,"minecraft:stone_pressure_plate":1,"minecraft:stone_bricks":1,"minecraft:barrel":3,"sophisticatedbackpacks:copper_backpack":1,"minecraft:red_sand":2,"minecraft:bow":3,"minecraft:magma_block":1,"graveyard:dark_iron_bars":1,"mutantmonsters:mutant_skeleton_skull":1,"minecraft:terracotta":9,"minecraft:nether_brick_stairs":10,"minecraft:spruce_sign":1,"minecraft:baked_potato":56,"minecraft:leather":2,"stalwart_dungeons:tungsten_shield":1,"minecraft:flint":1,"minecraft:cobblestone_stairs":2,"artifacts:night_vision_goggles":1,"minecraft:mutton":3,"minecraft:crimson_roots":1,"minecraft:snowball":543,"minecraft:cauldron":2,"minecraft:gravel":1,"minecraft:blackstone":7,"minecraft:pointed_dripstone":10,"iceandfire:frozen_stone":29,"waystones:warp_stone":2,"minecraft:poppy":4,"minecraft:gunpowder":11,"minecraft:chest":2,"minecraft:basalt":1,"stalwart_dungeons:pusher":9,"minecraft:written_book":2,"minecraft:netherrack":26,"minecraft:oak_slab":1,"graveyard:warped_coffin":3,"minecraft:poisonous_potato":12,"mutantmonsters:mutant_skeleton_boots":1,"minecraft:amethyst_block":8,"minecraft:stick":21,"minecraft:deepslate_brick_stairs":1,"minecraft:smooth_red_sandstone":2,"minecraft:diorite":2,"minecraft:torch":2,"iceandfire:silver_sword":5,"minecraft:smooth_quartz":3,"iceandfire:armor_silver_metal_chestplate":1,"minecraft:green_carpet":3,"minecraft:cactus":10,"minecraft:bucket":4,"croptopia:glowing_calamari":2,"minecraft:smooth_basalt":4,"minecraft:polished_deepslate":8,"minecraft:nether_brick_slab":1,"minecraft:anvil":1,"alexsmobs:maggot":2,"betterend:diamond_hammer":3,"minecraft:raw_copper":8,"minecraft:tuff":3,"minecraft:composter":1,"iceandfire:dragonbone_sword_ice":3,"relics:blazing_flask":1,"minecraft:red_nether_brick_stairs":5,"minecraft:deepslate_bricks":4,"mutantmonsters:mutant_skeleton_chestplate":1,"minecraft:shield":1,"graveyard:spruce_coffin":33,"minecraft:iron_chestplate":1,"minecraft:andesite":1,"iceandfire:dragonbone_bow":1,"minecraft:golden_sword":1,"minecraft:stone_pickaxe":6,"minecraft:wooden_pickaxe":1,"graveyard:sarcophagus":30,"minecraft:cracked_deepslate_bricks":1,"minecraft:calcite":8,"graveyard:vase_block":3},"minecraft:crafted":{"iceandfire:dragonbone_axe":1,"waystones:waystone":1,"sophisticatedbackpacks:crafting_upgrade":1,"minecraft:bookshelf":32,"minecraft:cooked_mutton":3,"minecraft:glass":6,"mutantmonsters:mutant_skeleton_boots":1,"minecraft:glass_bottle":6,"minecraft:emerald":124,"minecraft:cooked_porkchop":24,"minecraft:copper_ingot":76,"waystones:warp_stone":4,"minecraft:lectern":2,"iceandfire:dragonbone_sword_ice":3,"iceandfire:armor_white_helmet":1,"minecraft:iron_pickaxe":3,"iceandfire:armor_white_chestplate":1,"minecraft:gold_ingot":92,"iceandfire:silver_sword":1,"minecraft:stone_shovel":1,"minecraft:bone_meal":12,"minecraft:ladder":66,"minecraft:spruce_slab":12,"minecraft:stone_pickaxe":2,"iceandfire:dragonbone_sword":3,"minecraft:enchanting_table":1,"alexsmobs:cooked_moose_ribs":3,"sophisticatedbackpacks:gold_backpack":1,"minecraft:enchanted_book":11,"iceandfire:armor_white_leggings":1,"stalwart_dungeons:tungsten_shield":1,"create:zinc_block":1,"minecraft:iron_leggings":2,"minecraft:white_bed":1,"iceandfire:dragonbone_shovel":1,"minecraft:stone":4,"mutantmonsters:mutant_skeleton_arms":1,"minecraft:iron_boots":2,"minecraft:chest":5,"mutantmonsters:mutant_skeleton_rib_cage":1,"minecraft:stone_hoe":1,"minecraft:stone_bricks":4,"minecraft:smoker":1,"sophisticatedbackpacks:backpack":1,"minecraft:crafting_table":7,"minecraft:spruce_planks":2248,"minecraft:wooden_pickaxe":1,"minecraft:baked_potato":539,"minecraft:iron_helmet":1,"create:zinc_nugget":189,"iceandfire:armor_white_boots":1,"sophisticatedbackpacks:upgrade_base":1,"iceandfire:dragonbone_bow":1,"minecraft:spruce_trapdoor":2,"minecraft:book":10,"minecraft:iron_chestplate":2,"minecraft:paper":30,"minecraft:charcoal":7,"minecraft:shield":3,"sophisticatedbackpacks:diamond_backpack":1,"minecraft:stick":3519,"minecraft:iron_ingot":115,"minecraft:stone_sword":1,"minecraft:snow_block":23,"iceandfire:dragon_stick":1,"minecraft:furnace":5,"minecraft:flint_and_steel":1,"mutantmonsters:mutant_skeleton_chestplate":1,"minecraft:iron_axe":2,"stalwart_dungeons:tungsten_ingot":9,"sophisticatedbackpacks:iron_backpack":1,"minecraft:cooked_beef":1,"minecraft:diamond_sword":1,"iceandfire:silver_ingot":12,"minecraft:bucket":3,"minecraft:stone_axe":2,"minecraft:air":0,"iceandfire:dragonbone_pickaxe":3,"minecraft:torch":88,"create:zinc_ingot":63,"minecraft:lapis_lazuli":9,"mutantmonsters:mutant_skeleton_leggings":1},"minecraft:picked_up":{"minecraft:wooden_axe":1,"minecraft:iron_chestplate":1,"minecraft:flower_pot":4,"minecraft:oak_stairs":10,"minecraft:brown_bed":2,"minecraft:wither_rose":6,"minecraft:enchanted_book":12,"minecraft:brewing_stand":1,"minecraft:golden_sword":1,"minecraft:amethyst_block":30,"minecraft:polished_deepslate":8,"minecraft:string":82,"minecraft:soul_soil":28,"graveyard:sarcophagus":30,"minecraft:red_nether_bricks":13,"minecraft:shroomlight":1,"minecraft:gold_nugget":15,"minecraft:cobbled_deepslate":246,"minecraft:spruce_planks":63,"minecraft:written_book":1,"minecraft:enchanted_golden_apple":1,"minecraft:composter":1,"minecraft:green_bed":2,"minecraft:cauldron":2,"mutantmonsters:mutant_skeleton_pelvis":1,"minecraft:stone_sword":7,"create:ochrum":12,"graveyard:warped_coffin":3,"minecraft:carved_pumpkin":2,"minecraft:blaze_rod":58,"minecraft:iron_bars":5,"minecraft:snowball":779,"iceandfire:sapphire_gem":4,"minecraft:magma_block":1,"minecraft:feather":3,"minecraft:oxidized_copper":14,"minecraft:flint":2,"minecraft:lantern":2,"stalwart_dungeons:blaze_armor_scrap":19,"minecraft:chipped_anvil":2,"minecraft:diamond_helmet":1,"minecraft:glowstone_dust":63,"minecraft:moss_block":1,"minecraft:stripped_spruce_log":1,"sophisticatedbackpacks:iron_backpack":1,"minecraft:loom":3,"alexsmobs:animal_dictionary":1,"minecraft:trapped_chest":1,"minecraft:red_terracotta":2,"minecraft:barrel":3,"minecraft:white_candle":11,"create:crimsite":1,"minecraft:writable_book":3,"minecraft:chainmail_helmet":1,"alexsmobs:maggot":2,"minecraft:rooted_dirt":1,"minecraft:crimson_roots":1,"iceandfire:raw_silver":15,"minecraft:crafting_table":3,"iceandfire:witherbone":20,"minecraft:nether_wart":7,"minecraft:clay_ball":4,"graveyard:dark_iron_ingot":25,"iceandfire:frozen_grass":4,"minecraft:jungle_trapdoor":1,"minecraft:red_bed":4,"minecraft:iron_shovel":3,"minecraft:cartography_table":2,"minecraft:beef":4,"minecraft:poppy":12,"minecraft:spruce_slab":7,"minecraft:chest":5,"minecraft:polished_deepslate_slab":15,"minecraft:jungle_fence_gate":1,"graveyard:dark_iron_bars":1,"minecraft:carrot":1,"iceandfire:dragon_skull_ice":8,"minecraft:deepslate_bricks":8,"minecraft:cracked_deepslate_bricks":2,"minecraft:gold_ingot":10,"sophisticatedbackpacks:copper_backpack":2,"minecraft:mutton":7,"minecraft:glow_berries":1,"minecraft:white_wool":3,"minecraft:smooth_red_sandstone_stairs":3,"minecraft:smooth_red_sandstone":10,"croptopia:glowing_calamari":1,"graveyard:spruce_coffin":34,"stalwart_dungeons:diamond_hammer":1,"minecraft:golden_boots":2,"mutantmonsters:mutant_skeleton_limb":8,"minecraft:blue_bed":12,"minecraft:stone_bricks":1,"minecraft:stone_pickaxe":2,"minecraft:cobweb":602,"minecraft:gray_bed":1,"minecraft:iron_sword":1,"minecraft:smooth_basalt":4,"minecraft:gravel":1,"minecraft:spruce_sapling":25,"minecraft:spruce_log":560,"minecraft:crying_obsidian":2,"minecraft:slime_ball":11,"graveyard:vase_block":4,"iceandfire:silver_sword":5,"twilightforest:raven_feather":1,"iceandfire:ice_dragon_flesh":1,"minecraft:baked_potato":51,"minecraft:ender_pearl":15,"minecraft:wheat":6,"minecraft:lapis_block":1,"mutantmonsters:mutant_skeleton_skull":1,"minecraft:raw_copper":83,"minecraft:oak_sign":3,"minecraft:deepslate_tiles":9,"minecraft:red_sand":4,"minecraft:bucket":4,"iceandfire:frost_lily":1,"minecraft:calcite":8,"minecraft:smooth_quartz":11,"minecraft:iron_pickaxe":6,"alexsmobs:raccoon_tail":1,"minecraft:furnace":3,"minecraft:tipped_arrow":2,"minecraft:stick":33,"minecraft:brown_terracotta":3,"minecraft:polished_deepslate_stairs":44,"minecraft:torch":92,"minecraft:spruce_stairs":1,"iceandfire:dragonscales_white":32,"minecraft:porkchop":29,"minecraft:pointed_dripstone":12,"minecraft:diorite":2,"graveyard:dark_iron_trapdoor":2,"minecraft:cactus":12,"minecraft:rotten_flesh":130,"mutantmonsters:mutant_skeleton_shoulder_pad":2,"minecraft:deepslate_brick_stairs":3,"minecraft:obsidian":8,"minecraft:cobblestone":538,"minecraft:magma_cream":6,"minecraft:andesite":1,"minecraft:potato":807,"minecraft:tuff":7,"create:raw_zinc":23,"minecraft:wither_skeleton_skull":4,"minecraft:dirt":445,"minecraft:lapis_lazuli":30,"iceandfire:dragonbone_sword_ice":1,"minecraft:bone":535,"minecraft:bow":4,"minecraft:wheat_seeds":20,"minecraft:cobbled_deepslate_wall":1,"minecraft:raw_gold":75,"minecraft:cobbled_deepslate_slab":3,"mutantmonsters:mutant_skeleton_rib_cage":1,"minecraft:fletching_table":1,"minecraft:oak_planks":12,"graveyard:bone_dagger":1,"minecraft:poisonous_potato":12,"minecraft:sand":7,"minecraft:jungle_planks":2,"minecraft:nether_brick_stairs":10,"minecraft:dead_bush":8,"minecraft:lily_of_the_valley":1,"iceandfire:frozen_dirt":53,"minecraft:orange_wool":1,"minecraft:diamond":3,"waystones:waystone":3,"minecraft:bone_meal":87,"minecraft:golden_apple":1,"alexsmobs:moose_ribs":3,"minecraft:spruce_sign":1,"minecraft:emerald":30,"twilightforest:arctic_fur":3,"minecraft:netherrack":173,"minecraft:ladder":9,"minecraft:packed_ice":2,"stalwart_dungeons:soul_bricks":22,"minecraft:shield":2,"iceandfire:frozen_stone":31,"minecraft:blackstone":75,"minecraft:blue_orchid":1,"graveyard:corruption":89,"minecraft:candle":16,"minecraft:lectern":138,"minecraft:sugar_cane":56,"minecraft:spruce_trapdoor":5,"minecraft:raw_iron":62,"iceandfire:dragonbone":55,"minecraft:copper_ingot":19,"minecraft:stone_pressure_plate":1,"minecraft:dark_oak_planks":1,"minecraft:weeping_vines":2,"minecraft:arrow":24,"iceandfire:cyclops_eye":1,"stalwart_dungeons:raw_tungsten":9,"minecraft:nether_bricks":39,"artifacts:cross_necklace":1,"mutantmonsters:mutant_skeleton_rib":6,"minecraft:cracked_deepslate_tiles":5,"minecraft:basalt":5,"betterend:diamond_hammer":2,"minecraft:leather":13,"artifacts:superstitious_hat":1,"minecraft:yellow_bed":2,"minecraft:gunpowder":131,"minecraft:cobblestone_stairs":2,"minecraft:red_nether_brick_stairs":5,"minecraft:gray_carpet":2,"minecraft:red_sandstone":4,"stalwart_dungeons:pusher":9,"minecraft:iron_ingot":22,"minecraft:soul_sand":6,"minecraft:book":182,"minecraft:oak_slab":2,"minecraft:black_candle":13,"minecraft:pumpkin":6,"minecraft:dandelion":4,"minecraft:dripstone_block":3,"minecraft:lava_bucket":1,"stalwart_dungeons:soul_tiles":5,"minecraft:amethyst_shard":45,"minecraft:nether_brick_slab":1,"minecraft:spruce_door":6,"minecraft:green_carpet":3,"minecraft:spider_eye":5,"minecraft:cut_red_sandstone":12,"minecraft:iron_helmet":2,"minecraft:terracotta":16,"stalwart_dungeons:igniter":6,"minecraft:coal":347},"minecraft:killed":{"naturalist:robin":1,"graveyard:wraith":2,"minecraft:skeleton":21,"graveyard:acolyte":6,"minecraft:fox":1,"alexsmobs:centipede_head":1,"alexsmobs:straddler":6,"alexsmobs:laviathan":2,"minecraft:iron_golem":1,"mutantmonsters:mutant_skeleton":1,"minecraft:zombie":20,"stalwart_dungeons:incomplete_wither":3,"minecraft:cow":1,"twilightforest:winter_wolf":2,"graveyard:nightmare":1,"graveyard:corrupted_vindicator":13,"alexsmobs:raccoon":3,"alexsmobs:tusklin":5,"alexsmobs:rocky_roller":2,"iceandfire:cyclops":1,"twilightforest:kobold":1,"iceandfire:ice_dragon":1,"twilightforest:bighorn_sheep":1,"minecraft:enderman":1,"minecraft:zombified_piglin":15,"minecraft:spider":6,"alexsmobs:froststalker":3,"minecraft:piglin":2,"minecraft:pig":6,"minecraft:zombie_villager":2,"twilightforest:raven":1,"minecraft:creeper":5,"alexsmobs:warped_toad":1,"minecraft:stray":1,"minecraft:ghast":3,"alexsmobs:fly":1,"graveyard:corrupted_pillager":10,"minecraft:blaze":15,"alexsmobs:bone_serpent":1,"minecraft:vex":3,"graveyard:revenant":1,"minecraft:slime":10,"twilightforest:hedge_spider":2,"minecraft:drowned":1,"stalwart_dungeons:reinforced_blaze":26,"alexsmobs:cockroach":1,"alexsmobs:moose":1,"minecraft:wither_skeleton":40,"minecraft:player":5,"minecraft:villager":1},"minecraft:broken":{"minecraft:iron_boots":1,"minecraft:iron_chestplate":1,"minecraft:iron_leggings":1,"minecraft:iron_sword":1,"minecraft:stone_sword":1,"minecraft:shield":3,"minecraft:iron_axe":2,"minecraft:iron_pickaxe":5,"minecraft:iron_shovel":1,"minecraft:stone_axe":1,"minecraft:leather_boots":1},"minecraft:used":{"minecraft:moss_block":1,"minecraft:spruce_slab":8,"minecraft:poppy":8,"iceandfire:dragon_skull_ice":1,"minecraft:chest":6,"minecraft:rotten_flesh":15,"minecraft:soul_sand":6,"betterend:diamond_hammer":237,"minecraft:lily_of_the_valley":1,"graveyard:vase_block":1,"minecraft:orange_wool":1,"iceandfire:dragonbone_axe":188,"minecraft:snowball":162,"minecraft:stripped_spruce_log":1,"minecraft:packed_ice":2,"minecraft:lava_bucket":6,"minecraft:bow":26,"minecraft:furnace":6,"minecraft:egg":1,"minecraft:potato":61,"minecraft:spruce_door":1,"minecraft:cactus":1,"minecraft:blackstone":43,"iceandfire:dragonbone_sword_ice":498,"create:crimsite":1,"minecraft:wooden_pickaxe":7,"iceandfire:frozen_dirt":1,"minecraft:sand":1,"stalwart_dungeons:soul_bricks":22,"minecraft:smooth_red_sandstone":8,"minecraft:deepslate_brick_stairs":2,"minecraft:red_sandstone":4,"minecraft:lectern":135,"minecraft:red_terracotta":2,"minecraft:cut_red_sandstone":12,"minecraft:diamond_sword":139,"minecraft:enchanting_table":1,"minecraft:iron_bars":5,"minecraft:stone_sword":130,"iceandfire:silver_sword":343,"minecraft:carved_pumpkin":2,"croptopia:glowing_calamari":1,"minecraft:netherrack":88,"minecraft:torch":175,"minecraft:brewing_stand":1,"iceandfire:frost_lily":1,"minecraft:chipped_anvil":1,"minecraft:iron_axe":498,"minecraft:rooted_dirt":1,"stalwart_dungeons:diamond_hammer":4,"minecraft:smooth_quartz":8,"minecraft:basalt":4,"minecraft:cobbled_deepslate":26,"minecraft:pointed_dripstone":2,"sophisticatedbackpacks:gold_backpack":2,"minecraft:water_bucket":56,"minecraft:leather_boots":1,"minecraft:deepslate_bricks":4,"minecraft:polished_deepslate_slab":3,"minecraft:oak_slab":1,"minecraft:crafting_table":9,"minecraft:red_bed":3,"minecraft:spruce_log":11,"minecraft:iron_pickaxe":1140,"minecraft:spruce_trapdoor":7,"minecraft:spruce_sapling":19,"minecraft:cobblestone":546,"minecraft:porkchop":5,"minecraft:cooked_porkchop":4,"minecraft:dandelion":4,"minecraft:red_sand":2,"minecraft:iron_shovel":251,"minecraft:oak_sign":3,"minecraft:shield":109,"minecraft:iron_sword":80,"minecraft:nether_wart":4,"minecraft:iron_chestplate":1,"minecraft:nether_bricks":39,"iceandfire:frozen_stone":2,"minecraft:tuff":2,"minecraft:obsidian":11,"minecraft:polished_deepslate_stairs":7,"iceandfire:armor_white_boots":1,"minecraft:lantern":2,"minecraft:iron_helmet":1,"minecraft:stone_bricks":1,"iceandfire:armor_white_leggings":2,"minecraft:stone_pickaxe":25,"minecraft:gray_carpet":2,"minecraft:oak_planks":4,"minecraft:sugar_cane":10,"minecraft:blue_bed":11,"minecraft:white_wool":2,"graveyard:spruce_coffin":1,"minecraft:loom":3,"minecraft:dripstone_block":1,"waystones:waystone":4,"minecraft:bread":21,"alexsmobs:cooked_moose_ribs":3,"minecraft:bone_meal":32,"minecraft:experience_bottle":20,"minecraft:flint_and_steel":1,"minecraft:cracked_deepslate_bricks":1,"iceandfire:armor_white_helmet":3,"minecraft:spruce_planks":74,"minecraft:stone_hoe":57,"simpletomb:grave_key":56,"minecraft:dirt":375,"minecraft:spruce_stairs":1,"minecraft:diamond_helmet":1,"iceandfire:armor_silver_metal_helmet":1,"minecraft:dark_oak_planks":1,"minecraft:bookshelf":18,"iceandfire:dragonbone_shovel":176,"minecraft:oak_stairs":4,"minecraft:iron_boots":1,"minecraft:soul_soil":28,"minecraft:cooked_beef":1,"iceandfire:dragonbone_pickaxe":254,"minecraft:brown_bed":1,"minecraft:pumpkin":1,"minecraft:iron_leggings":1,"minecraft:cobbled_deepslate_wall":1,"minecraft:amethyst_block":1,"minecraft:snow_block":23,"minecraft:red_nether_bricks":1,"minecraft:baked_potato":205,"minecraft:green_bed":1,"minecraft:terracotta":7,"minecraft:smooth_red_sandstone_stairs":3,"minecraft:smoker":1,"minecraft:flower_pot":2,"minecraft:apple":5,"minecraft:stone_axe":108,"stalwart_dungeons:soul_tiles":4,"minecraft:bucket":63,"minecraft:yellow_bed":2},"minecraft:custom":{"minecraft:interact_with_crafting_table":103,"minecraft:open_barrel":83,"minecraft:bell_ring":4,"minecraft:leave_game":16,"minecraft:time_since_death":155875,"minecraft:damage_blocked_by_shield":3677,"minecraft:play_time":729567,"minecraft:deaths":42,"minecraft:jump":12711,"minecraft:enchant_item":1,"minecraft:interact_with_furnace":90,"minecraft:traded_with_villager":135,"minecraft:sleep_in_bed":4,"minecraft:waystone_activated":5,"minecraft:damage_dealt":57447,"minecraft:interact_with_smoker":83,"minecraft:interact_with_anvil":12,"minecraft:damage_dealt_absorbed":85,"minecraft:sneak_time":25944,"minecraft:interact_with_lectern":2,"minecraft:interact_with_blast_furnace":52,"minecraft:total_world_time":729567,"minecraft:tune_noteblock":2,"minecraft:time_since_rest":155905,"minecraft:swim_one_cm":1275,"minecraft:fly_one_cm":2306034,"minecraft:open_chest":324,"minecraft:fall_one_cm":287265,"minecraft:sprint_one_cm":1110938,"minecraft:drop":502,"minecraft:talked_to_villager":278,"minecraft:interact_with_brewingstand":2,"minecraft:walk_on_water_one_cm":30042,"minecraft:interact_with_loom":7,"minecraft:player_kills":5,"minecraft:crouch_one_cm":78269,"minecraft:mob_kills":263,"minecraft:climb_one_cm":11741,"minecraft:walk_one_cm":2284314,"minecraft:walk_under_water_one_cm":33672,"minecraft:pot_flower":1,"minecraft:interact_with_grindstone":2,"minecraft:damage_taken":21916,"minecraft:trigger_trapped_chest":2}},"DataVersion":3465}