{"stats":{"minecraft:killed":{"battle_allays:crossbowvex":3,"undead_revamp2:thehunter":2,"minecraft:spider":2,"battle_allays:void_vex":1,"undead_revamp2:bomber":1,"minecraft:skeleton":3,"minecraft:chicken":9,"minecraft:drowned":1,"artifacts:mimic":1,"battle_allays:shadowofvex":1,"minecraft:pig":15,"minecraft:zombie_villager":1,"undead_revamp2:the_moonflower":1,"minecraft:creeper":1,"minecraft:sheep":18,"minecraft:zombie":5,"minecraft:cow":22},"minecraft:dropped":{"minecraft:wheat_seeds":1,"iceandfire:armor_copper_metal_chestplate":1,"minecraft:crossbow":1,"minecraft:feather":2,"minecraft:book":1,"minecraft:copper_ingot":1,"minecraft:red_carpet":1,"minecraft:cobweb":1,"battle_allays:vexs_stuff":2,"minecraft:iron_door":1,"minecraft:white_banner":3,"iceandfire:armor_silver_metal_helmet":1,"minecraft:bone":6,"battle_allays:shadow_vex_stuff":5,"minecraft:stone_axe":2,"minecraft:coarse_dirt":4,"minecraft:tuff":3,"minecraft:birch_sapling":47,"minecraft:rotten_flesh":18,"minecraft:leather_chestplate":1,"minecraft:gunpowder":1,"minecraft:cyan_banner":1,"minecraft:spider_eye":4,"minecraft:arrow":2,"minecraft:wooden_pickaxe":2,"iceandfire:armor_copper_metal_leggings":1},"minecraft:broken":{"minecraft:stone_sword":1,"minecraft:stone_pickaxe":1,"minecraft:stone_axe":1},"minecraft:mined":{"minecraft:red_carpet":1,"minecraft:tuff":3,"iceandfire:silver_ore":12,"minecraft:dark_oak_log":45,"minecraft:granite":2,"minecraft:spawner":2,"minecraft:hay_block":14,"minecraft:furnace":3,"minecraft:iron_ore":48,"minecraft:anvil":1,"minecraft:deepslate_lapis_ore":7,"minecraft:gold_block":1,"minecraft:deepslate_iron_ore":5,"minecraft:rail":1,"minecraft:stone":114,"minecraft:white_banner":1,"minecraft:white_wool":8,"minecraft:smithing_table":1,"minecraft:powder_snow":39,"minecraft:crafting_table":2,"minecraft:blast_furnace":2,"minecraft:emerald_ore":16,"minecraft:cobblestone":34,"minecraft:copper_ore":20,"minecraft:tall_grass":4,"minecraft:deepslate_gold_ore":23,"minecraft:diorite":2,"minecraft:iron_door":1,"minecraft:wall_torch":4,"minecraft:coarse_dirt":6,"minecraft:birch_log":118,"minecraft:tnt":3,"minecraft:black_bed":2,"minecraft:white_wall_banner":2,"minecraft:grass":5,"minecraft:coal_ore":130,"minecraft:sand":14,"minecraft:dirt":2,"minecraft:cobweb":65,"minecraft:stone_bricks":1,"minecraft:deepslate":8,"minecraft:oak_leaves":9,"minecraft:iron_trapdoor":1},"minecraft:crafted":{"minecraft:cooked_chicken":6,"minecraft:furnace":3,"iceandfire:armor_copper_metal_leggings":1,"minecraft:cooked_mutton":23,"sophisticatedbackpacks:copper_backpack":1,"minecraft:iron_axe":1,"minecraft:stone_pickaxe":1,"iceandfire:armor_copper_metal_chestplate":1,"minecraft:chest":1,"sophisticatedbackpacks:iron_backpack":1,"minecraft:wheat":126,"minecraft:cooked_beef":35,"sophisticatedbackpacks:backpack":1,"iceandfire:silver_ingot":11,"minecraft:cooked_porkchop":10,"minecraft:crafting_table":5,"minecraft:wooden_pickaxe":1,"minecraft:iron_helmet":1,"minecraft:copper_ingot":60,"sophisticatedbackpacks:gold_backpack":1,"minecraft:birch_planks":78,"minecraft:stone_axe":3,"minecraft:bread":42,"minecraft:air":0,"iceandfire:armor_silver_metal_helmet":1,"minecraft:iron_chestplate":1,"minecraft:shield":1,"minecraft:stick":80,"minecraft:iron_ingot":51,"minecraft:stone_sword":2,"minecraft:iron_leggings":1,"minecraft:gold_ingot":39,"minecraft:torch":184,"iceandfire:silver_pickaxe":1},"minecraft:used":{"minecraft:stone_sword":69,"iceandfire:armor_copper_metal_leggings":1,"minecraft:shield":17,"minecraft:cooked_salmon":4,"simpletomb:grave_key":3,"minecraft:torch":253,"minecraft:anvil":1,"scalinghealth:heart_crystal":1,"minecraft:granite":2,"minecraft:iron_axe":103,"minecraft:birch_sapling":12,"minecraft:iron_helmet":1,"minecraft:iron_boots":1,"minecraft:stone_bricks":1,"minecraft:red_carpet":1,"minecraft:oak_sapling":1,"minecraft:furnace":5,"minecraft:cooked_beef":6,"battle_allays:chestinchest":16,"minecraft:stone_pickaxe":131,"minecraft:wooden_pickaxe":10,"minecraft:white_wool":5,"minecraft:rail":1,"minecraft:sand":14,"minecraft:crafting_table":7,"minecraft:blast_furnace":2,"minecraft:black_bed":1,"iceandfire:silver_pickaxe":305,"minecraft:black_wool":2,"iceandfire:armor_copper_metal_chestplate":1,"minecraft:bread":18,"minecraft:stone_axe":260,"minecraft:cobblestone":51,"minecraft:cooked_porkchop":8,"minecraft:smithing_table":1},"minecraft:picked_up":{"minecraft:coarse_dirt":4,"minecraft:crafting_table":2,"minecraft:chicken":9,"minecraft:iron_trapdoor":1,"minecraft:anvil":1,"minecraft:smithing_table":1,"minecraft:wooden_pickaxe":1,"minecraft:gold_block":1,"minecraft:string":46,"battle_allays:chestinchest":16,"minecraft:raw_copper":60,"minecraft:cobbled_deepslate":9,"minecraft:beef":42,"minecraft:light_gray_wool":1,"minecraft:sugar_cane":9,"minecraft:birch_sapling":59,"minecraft:furnace":3,"minecraft:dark_oak_sapling":6,"minecraft:stick":16,"minecraft:raw_iron":53,"minecraft:torch":159,"minecraft:porkchop":29,"minecraft:tnt":3,"minecraft:arrow":4,"minecraft:rotten_flesh":18,"minecraft:hay_block":14,"minecraft:mutton":23,"minecraft:rail":1,"minecraft:cobblestone":144,"minecraft:white_wool":19,"minecraft:birch_log":116,"minecraft:feather":11,"minecraft:iron_door":1,"minecraft:black_bed":1,"minecraft:leather":18,"artifacts:anglers_hat":1,"minecraft:tuff":3,"minecraft:gunpowder":1,"scalinghealth:heart_crystal":1,"minecraft:lapis_lazuli":42,"minecraft:dirt":2,"minecraft:white_banner":3,"minecraft:red_carpet":2,"minecraft:bone":6,"minecraft:apple":1,"minecraft:stone_bricks":1,"minecraft:wheat_seeds":1,"minecraft:raw_gold":23,"minecraft:cobweb":1,"battle_allays:shadow_vex_stuff":6,"battle_allays:vexs_stuff":2,"minecraft:sand":14,"minecraft:blast_furnace":2,"minecraft:dark_oak_log":45,"minecraft:spider_eye":5,"minecraft:cyan_banner":1,"minecraft:crossbow":1,"minecraft:granite":2,"minecraft:emerald":16,"minecraft:oak_sapling":1,"minecraft:black_wool":2,"minecraft:coal":177,"iceandfire:raw_silver":11},"minecraft:custom":{"minecraft:interact_with_anvil":1,"minecraft:mob_kills":89,"minecraft:interact_with_crafting_table":29,"minecraft:open_barrel":8,"minecraft:bell_ring":6,"minecraft:damage_dealt_resisted":216,"minecraft:leave_game":2,"minecraft:time_since_death":16354,"minecraft:climb_one_cm":20211,"minecraft:sprint_one_cm":376383,"minecraft:walk_one_cm":346647,"minecraft:damage_blocked_by_shield":952,"minecraft:drop":52,"minecraft:talked_to_villager":6,"minecraft:play_time":125241,"minecraft:deaths":9,"minecraft:sneak_time":2870,"minecraft:walk_under_water_one_cm":12381,"minecraft:jump":2270,"minecraft:interact_with_blast_furnace":30,"minecraft:walk_on_water_one_cm":9196,"minecraft:total_world_time":125241,"minecraft:interact_with_furnace":27,"minecraft:sleep_in_bed":1,"minecraft:time_since_rest":5968,"minecraft:damage_taken":5427,"minecraft:damage_dealt":12018,"minecraft:swim_one_cm":38880,"minecraft:fly_one_cm":365427,"minecraft:open_chest":18,"minecraft:crouch_one_cm":8490,"minecraft:interact_with_smoker":23,"minecraft:fall_one_cm":47715}},"DataVersion":3465}