{"stats":{"minecraft:dropped":{"battle_allays:shadow_vex_stuff":2,"minecraft:stone_axe":1,"minecraft:birch_sapling":47,"minecraft:white_banner":3,"minecraft:arrow":1,"minecraft:wooden_pickaxe":2,"minecraft:bone":3},"minecraft:killed":{"battle_allays:shadowofvex":1,"minecraft:pig":11,"undead_revamp2:thehunter":1,"minecraft:spider":1,"minecraft:sheep":9,"minecraft:skeleton":3,"minecraft:zombie":3,"minecraft:chicken":5,"minecraft:drowned":1,"minecraft:cow":6},"minecraft:broken":{"minecraft:stone_pickaxe":1,"minecraft:stone_sword":1,"minecraft:stone_axe":1},"minecraft:mined":{"iceandfire:silver_ore":12,"minecraft:dark_oak_log":45,"minecraft:copper_ore":20,"minecraft:cobblestone":7,"minecraft:diorite":2,"minecraft:wall_torch":3,"minecraft:spawner":1,"minecraft:hay_block":14,"minecraft:coarse_dirt":6,"minecraft:furnace":1,"minecraft:birch_log":118,"minecraft:iron_ore":9,"minecraft:tnt":3,"minecraft:white_wall_banner":2,"minecraft:grass":5,"minecraft:coal_ore":110,"minecraft:sand":14,"minecraft:cobweb":65,"minecraft:white_banner":1,"minecraft:stone":99,"minecraft:white_wool":8},"minecraft:crafted":{"minecraft:cooked_beef":6,"minecraft:cooked_porkchop":10,"iceandfire:silver_ingot":10,"minecraft:crafting_table":4,"minecraft:wooden_pickaxe":1,"minecraft:cooked_chicken":5,"minecraft:furnace":3,"minecraft:birch_planks":36,"minecraft:stone_axe":3,"minecraft:cooked_mutton":10,"minecraft:air":0,"iceandfire:armor_silver_metal_helmet":1,"minecraft:shield":1,"minecraft:stick":16,"minecraft:iron_ingot":7,"minecraft:stone_pickaxe":1,"minecraft:stone_sword":2,"minecraft:torch":64,"iceandfire:silver_pickaxe":1},"minecraft:used":{"minecraft:stone_sword":69,"minecraft:stone_pickaxe":131,"minecraft:shield":8,"minecraft:wooden_pickaxe":10,"simpletomb:grave_key":3,"minecraft:torch":6,"minecraft:sand":14,"minecraft:crafting_table":4,"iceandfire:silver_pickaxe":127,"minecraft:black_wool":1,"minecraft:bread":1,"minecraft:birch_sapling":12,"minecraft:iron_boots":1,"minecraft:stone_axe":260,"minecraft:furnace":4,"minecraft:cooked_porkchop":5,"minecraft:cooked_beef":6},"minecraft:picked_up":{"minecraft:birch_log":116,"minecraft:coarse_dirt":4,"minecraft:feather":6,"minecraft:chicken":5,"minecraft:leather":2,"minecraft:wooden_pickaxe":1,"minecraft:string":46,"minecraft:white_banner":3,"minecraft:raw_copper":60,"minecraft:bone":4,"minecraft:apple":1,"minecraft:beef":9,"minecraft:light_gray_wool":1,"minecraft:sugar_cane":5,"minecraft:birch_sapling":59,"minecraft:furnace":1,"minecraft:raw_iron":9,"minecraft:dark_oak_sapling":6,"minecraft:stick":16,"battle_allays:shadow_vex_stuff":2,"minecraft:torch":3,"minecraft:porkchop":24,"minecraft:sand":14,"minecraft:dark_oak_log":45,"minecraft:spider_eye":1,"minecraft:tnt":3,"minecraft:arrow":2,"minecraft:hay_block":14,"minecraft:black_wool":1,"minecraft:mutton":12,"minecraft:white_wool":12,"minecraft:coal":109,"iceandfire:raw_silver":11,"minecraft:cobblestone":101},"minecraft:custom":{"minecraft:interact_with_furnace":17,"minecraft:mob_kills":41,"minecraft:interact_with_crafting_table":19,"minecraft:bell_ring":3,"minecraft:damage_dealt_resisted":54,"minecraft:leave_game":1,"minecraft:time_since_death":34895,"minecraft:climb_one_cm":933,"minecraft:time_since_rest":34923,"minecraft:sprint_one_cm":164664,"minecraft:damage_taken":2346,"minecraft:walk_one_cm":136408,"minecraft:damage_blocked_by_shield":435,"minecraft:drop":13,"minecraft:damage_dealt":4907,"minecraft:swim_one_cm":4080,"minecraft:talked_to_villager":3,"minecraft:fly_one_cm":192519,"minecraft:open_chest":12,"minecraft:crouch_one_cm":2146,"minecraft:play_time":53621,"minecraft:deaths":4,"minecraft:sneak_time":1043,"minecraft:walk_under_water_one_cm":6512,"minecraft:jump":1110,"minecraft:walk_on_water_one_cm":6174,"minecraft:interact_with_smoker":10,"minecraft:total_world_time":53621,"minecraft:fall_one_cm":23637}},"DataVersion":3465}