{"stats":{"minecraft:dropped":{"minecraft:crossbow":1,"minecraft:book":1,"minecraft:copper_ingot":1,"minecraft:cobweb":1,"minecraft:iron_door":1,"minecraft:white_banner":3,"minecraft:bone":6,"battle_allays:shadow_vex_stuff":2,"minecraft:stone_axe":2,"minecraft:coarse_dirt":4,"minecraft:birch_sapling":47,"minecraft:leather_chestplate":1,"minecraft:gunpowder":1,"minecraft:cyan_banner":1,"minecraft:arrow":2,"minecraft:wooden_pickaxe":2},"minecraft:killed":{"undead_revamp2:thehunter":2,"minecraft:spider":1,"undead_revamp2:bomber":1,"minecraft:skeleton":3,"minecraft:chicken":9,"minecraft:drowned":1,"artifacts:mimic":1,"battle_allays:shadowofvex":1,"minecraft:pig":15,"minecraft:creeper":1,"minecraft:sheep":18,"minecraft:zombie":4,"minecraft:cow":22},"minecraft:broken":{"minecraft:stone_sword":1,"minecraft:stone_pickaxe":1,"minecraft:stone_axe":1},"minecraft:mined":{"minecraft:tuff":1,"iceandfire:silver_ore":12,"minecraft:dark_oak_log":45,"minecraft:granite":2,"minecraft:spawner":1,"minecraft:hay_block":14,"minecraft:furnace":2,"minecraft:iron_ore":17,"minecraft:deepslate_lapis_ore":7,"minecraft:gold_block":1,"minecraft:deepslate_iron_ore":5,"minecraft:rail":1,"minecraft:stone":114,"minecraft:white_banner":1,"minecraft:white_wool":8,"minecraft:smithing_table":1,"minecraft:powder_snow":39,"minecraft:crafting_table":2,"minecraft:blast_furnace":1,"minecraft:cobblestone":14,"minecraft:copper_ore":20,"minecraft:tall_grass":4,"minecraft:deepslate_gold_ore":16,"minecraft:diorite":2,"minecraft:iron_door":1,"minecraft:wall_torch":4,"minecraft:coarse_dirt":6,"minecraft:birch_log":118,"minecraft:tnt":3,"minecraft:black_bed":1,"minecraft:white_wall_banner":2,"minecraft:grass":5,"minecraft:coal_ore":130,"minecraft:sand":14,"minecraft:dirt":2,"minecraft:cobweb":65,"minecraft:stone_bricks":1,"minecraft:deepslate":2,"minecraft:oak_leaves":2,"minecraft:iron_trapdoor":1},"minecraft:crafted":{"minecraft:cooked_chicken":5,"minecraft:furnace":3,"iceandfire:armor_copper_metal_leggings":1,"minecraft:cooked_mutton":10,"minecraft:iron_axe":1,"minecraft:stone_pickaxe":1,"iceandfire:armor_copper_metal_chestplate":1,"minecraft:chest":1,"minecraft:wheat":126,"minecraft:cooked_beef":6,"sophisticatedbackpacks:backpack":1,"iceandfire:silver_ingot":11,"minecraft:cooked_porkchop":10,"minecraft:crafting_table":4,"minecraft:wooden_pickaxe":1,"minecraft:copper_ingot":16,"minecraft:birch_planks":44,"minecraft:stone_axe":3,"minecraft:bread":42,"minecraft:air":0,"iceandfire:armor_silver_metal_helmet":1,"minecraft:shield":1,"minecraft:stick":16,"minecraft:iron_ingot":9,"minecraft:stone_sword":2,"minecraft:torch":64,"iceandfire:silver_pickaxe":1},"minecraft:used":{"minecraft:stone_sword":69,"iceandfire:armor_copper_metal_leggings":1,"minecraft:shield":15,"minecraft:cooked_salmon":4,"simpletomb:grave_key":3,"minecraft:torch":200,"minecraft:granite":2,"minecraft:iron_axe":78,"minecraft:birch_sapling":12,"minecraft:iron_boots":1,"minecraft:furnace":4,"minecraft:cooked_beef":6,"battle_allays:chestinchest":2,"minecraft:stone_pickaxe":131,"minecraft:wooden_pickaxe":10,"minecraft:white_wool":5,"minecraft:sand":14,"minecraft:crafting_table":6,"minecraft:black_bed":1,"iceandfire:silver_pickaxe":219,"minecraft:black_wool":1,"iceandfire:armor_copper_metal_chestplate":1,"minecraft:bread":8,"minecraft:stone_axe":260,"minecraft:cobblestone":29,"minecraft:cooked_porkchop":8},"minecraft:picked_up":{"minecraft:coarse_dirt":4,"minecraft:crafting_table":2,"minecraft:chicken":9,"minecraft:iron_trapdoor":1,"minecraft:smithing_table":1,"minecraft:wooden_pickaxe":1,"minecraft:gold_block":1,"minecraft:string":46,"battle_allays:chestinchest":4,"minecraft:raw_copper":60,"minecraft:cobbled_deepslate":5,"minecraft:beef":42,"minecraft:light_gray_wool":1,"minecraft:sugar_cane":9,"minecraft:birch_sapling":59,"minecraft:furnace":2,"minecraft:dark_oak_sapling":6,"minecraft:stick":16,"minecraft:raw_iron":22,"minecraft:torch":159,"minecraft:porkchop":29,"minecraft:tnt":3,"minecraft:arrow":4,"minecraft:rotten_flesh":3,"minecraft:hay_block":14,"minecraft:mutton":23,"minecraft:rail":1,"minecraft:cobblestone":124,"minecraft:white_wool":19,"minecraft:birch_log":116,"minecraft:feather":11,"minecraft:iron_door":1,"minecraft:black_bed":1,"minecraft:leather":18,"artifacts:anglers_hat":1,"minecraft:tuff":1,"minecraft:gunpowder":1,"minecraft:lapis_lazuli":42,"minecraft:dirt":2,"minecraft:white_banner":3,"minecraft:bone":6,"minecraft:apple":1,"minecraft:stone_bricks":1,"minecraft:wheat_seeds":1,"minecraft:raw_gold":16,"minecraft:cobweb":1,"battle_allays:shadow_vex_stuff":2,"minecraft:sand":14,"minecraft:blast_furnace":1,"minecraft:dark_oak_log":45,"minecraft:spider_eye":1,"minecraft:cyan_banner":1,"minecraft:crossbow":1,"minecraft:granite":2,"minecraft:black_wool":2,"minecraft:coal":170,"iceandfire:raw_silver":11},"minecraft:custom":{"minecraft:mob_kills":79,"minecraft:interact_with_crafting_table":24,"minecraft:open_barrel":5,"minecraft:bell_ring":3,"minecraft:damage_dealt_resisted":216,"minecraft:leave_game":1,"minecraft:time_since_death":18097,"minecraft:climb_one_cm":3369,"minecraft:sprint_one_cm":274761,"minecraft:walk_one_cm":231226,"minecraft:damage_blocked_by_shield":862,"minecraft:drop":26,"minecraft:talked_to_villager":6,"minecraft:play_time":89621,"minecraft:deaths":6,"minecraft:sneak_time":2389,"minecraft:walk_under_water_one_cm":12381,"minecraft:jump":1920,"minecraft:walk_on_water_one_cm":9037,"minecraft:total_world_time":89621,"minecraft:interact_with_furnace":22,"minecraft:time_since_rest":18125,"minecraft:damage_taken":4044,"minecraft:damage_dealt":10414,"minecraft:swim_one_cm":38880,"minecraft:fly_one_cm":320350,"minecraft:open_chest":18,"minecraft:crouch_one_cm":7501,"minecraft:interact_with_smoker":10,"minecraft:fall_one_cm":42163}},"DataVersion":3465}