{"stats":{"minecraft:custom":{"minecraft:interact_with_furnace":17,"minecraft:interact_with_anvil":1,"minecraft:mob_kills":16,"minecraft:interact_with_crafting_table":13,"minecraft:open_barrel":2,"minecraft:leave_game":7,"minecraft:time_since_death":28190,"minecraft:climb_one_cm":180,"minecraft:time_since_rest":28241,"minecraft:waystone_activated":1,"minecraft:sprint_one_cm":167797,"minecraft:damage_taken":1340,"minecraft:walk_one_cm":163120,"minecraft:damage_blocked_by_shield":15,"minecraft:drop":2,"minecraft:damage_dealt":1930,"minecraft:talked_to_villager":8,"minecraft:fly_one_cm":424562,"minecraft:open_chest":7,"minecraft:crouch_one_cm":1542,"minecraft:play_time":57638,"minecraft:deaths":3,"minecraft:sneak_time":606,"minecraft:walk_under_water_one_cm":3300,"minecraft:jump":1698,"minecraft:walk_on_water_one_cm":11027,"minecraft:interact_with_smoker":1,"minecraft:total_world_time":57638,"minecraft:fall_one_cm":20992},"minecraft:mined":{"minecraft:spruce_planks":4,"iceandfire:silver_ore":2,"minecraft:powder_snow":7,"minecraft:crafting_table":1,"minecraft:torch":1,"minecraft:grass_block":2,"minecraft:spruce_fence":1,"iceandfire:sapphire_ore":2,"minecraft:spruce_leaves":17,"minecraft:lapis_ore":4,"minecraft:sugar_cane":1,"minecraft:diorite":67,"minecraft:blue_bed":1,"minecraft:wall_torch":1,"minecraft:furnace":3,"minecraft:iron_ore":6,"minecraft:blue_ice":12,"minecraft:ice":8,"minecraft:spruce_log":9,"minecraft:coal_ore":7,"minecraft:gravel":4,"iceandfire:frost_lily":2,"minecraft:stone":42},"minecraft:picked_up":{"iceandfire:sapphire_gem":2,"minecraft:crafting_table":1,"minecraft:feather":2,"minecraft:leather":4,"minecraft:flint":1,"minecraft:lapis_lazuli":30,"minecraft:blue_bed":1,"minecraft:dirt":2,"iceandfire:frost_lily":1,"minecraft:spruce_planks":4,"minecraft:beef":6,"alexsmobs:raccoon_tail":2,"minecraft:light_gray_wool":1,"minecraft:sugar_cane":5,"minecraft:furnace":3,"minecraft:stick":1,"minecraft:raw_iron":6,"minecraft:torch":2,"minecraft:gravel":3,"minecraft:spruce_sapling":1,"minecraft:diorite":63,"minecraft:spruce_log":9,"minecraft:soul_lantern":1,"waystones:waystone":1,"minecraft:mutton":8,"minecraft:white_wool":6,"minecraft:coal":7,"minecraft:snowball":4,"iceandfire:raw_silver":2,"minecraft:cobblestone":41},"minecraft:crafted":{"minecraft:cooked_beef":6,"minecraft:crafting_table":1,"minecraft:spruce_planks":68,"minecraft:wooden_pickaxe":1,"minecraft:iron_sword":1,"minecraft:furnace":1,"minecraft:cooked_mutton":5,"minecraft:air":0,"minecraft:charcoal":13,"minecraft:shield":1,"minecraft:stick":16,"minecraft:iron_ingot":6,"minecraft:iron_pickaxe":1,"minecraft:stone_pickaxe":1,"minecraft:wooden_axe":1,"minecraft:stone_sword":1,"minecraft:chest":1,"minecraft:torch":16,"minecraft:stone_hoe":1},"minecraft:killed":{"alexsmobs:raccoon":2,"alexsmobs:snow_leopard":1,"naturalist:robin":1,"naturalist:tortoise":2,"minecraft:sheep":7,"minecraft:cow":3},"minecraft:dropped":{"iceandfire:frost_lily":1,"alexsmobs:raccoon_tail":1},"minecraft:killed_by":{"minecraft:zombie":1,"alexsmobs:snow_leopard":1,"alexsmobs:bison":1},"minecraft:used":{"minecraft:cooked_mutton":5,"minecraft:diorite":15,"minecraft:stone_pickaxe":95,"minecraft:wooden_pickaxe":10,"minecraft:chest":1,"minecraft:spruce_planks":80,"minecraft:shield":1,"minecraft:iron_sword":41,"simpletomb:grave_key":5,"minecraft:torch":10,"minecraft:dirt":2,"minecraft:crafting_table":1,"minecraft:wooden_axe":6,"minecraft:iron_pickaxe":54,"minecraft:furnace":3,"alexsmobs:animal_dictionary":3,"minecraft:cooked_beef":2}},"DataVersion":3465}