{"stats":{"minecraft:custom":{"minecraft:mob_kills":51,"minecraft:interact_with_crafting_table":33,"minecraft:open_barrel":2,"goblintraders:trade_with_goblin":92,"minecraft:damage_dealt_resisted":36,"minecraft:leave_game":2,"minecraft:time_since_death":20270,"minecraft:climb_one_cm":5388,"minecraft:sprint_one_cm":103575,"minecraft:walk_one_cm":596618,"minecraft:damage_blocked_by_shield":861,"minecraft:drop":7,"minecraft:talked_to_villager":1,"minecraft:play_time":174182,"minecraft:deaths":5,"minecraft:sneak_time":8232,"minecraft:walk_under_water_one_cm":38744,"minecraft:boat_one_cm":67750,"minecraft:jump":2843,"minecraft:walk_on_water_one_cm":30596,"minecraft:total_world_time":174182,"minecraft:interact_with_furnace":7,"minecraft:sleep_in_bed":9,"minecraft:time_since_rest":9894,"minecraft:damage_taken":2780,"minecraft:damage_absorbed":40,"minecraft:trigger_trapped_chest":1,"minecraft:damage_dealt":4437,"minecraft:swim_one_cm":25166,"minecraft:fly_one_cm":141419,"minecraft:open_chest":76,"minecraft:crouch_one_cm":18768,"minecraft:fall_one_cm":30577},"minecraft:used":{"minecraft:moss_block":3,"minecraft:moss_carpet":2,"tacz:gun_smith_table":1,"minecraft:chest":2,"minecraft:shield":9,"minecraft:iron_sword":101,"minecraft:cooked_chicken":5,"simpletomb:grave_key":2,"minecraft:iron_chestplate":1,"minecraft:torch":124,"minecraft:dirt":6,"minecraft:mutton":6,"scalinghealth:heart_crystal":3,"minecraft:granite":2,"minecraft:big_dripleaf":1,"minecraft:dark_oak_planks":15,"minecraft:wooden_axe":124,"iceandfire:ghost_chest":1,"minecraft:iron_helmet":1,"minecraft:iron_boots":1,"minecraft:furnace":1,"minecraft:cobbled_deepslate":138,"minecraft:iron_leggings":1,"minecraft:calcite":9,"minecraft:water_bucket":8,"minecraft:diorite":1,"minecraft:amethyst_block":6,"minecraft:birch_boat":2,"minecraft:golden_apple":1,"minecraft:crafting_table":6,"minecraft:white_bed":4,"minecraft:bread":11,"minecraft:iron_pickaxe":916,"minecraft:cobblestone":16,"minecraft:andesite":1,"minecraft:bucket":9},"minecraft:killed":{"undead_revamp2:thewolf":1,"undead_revamp2:thegliter":1,"battle_allays:void_vex":1,"minecraft:skeleton":3,"battle_allays:vexswordsman":3,"minecraft:chicken":13,"battle_allays:shadowofvex":8,"minecraft:pig":1,"battle_allays:shadowvex":2,"minecraft:sheep":3,"undead_revamp2:thesomnolence":1,"minecraft:zombie":9,"iceandfire:ghost":1,"minecraft:cow":4},"minecraft:crafted":{"minecraft:birch_boat":1,"minecraft:cooked_chicken":6,"minecraft:furnace":1,"minecraft:chest":3,"minecraft:dark_oak_planks":32,"sophisticatedbackpacks:iron_backpack":1,"minecraft:emerald":4,"sophisticatedbackpacks:backpack":1,"minecraft:crafting_table":2,"tacz:ammo_box":1,"minecraft:iron_helmet":1,"tacz:gun_smith_table":1,"minecraft:copper_ingot":60,"sophisticatedbackpacks:gold_backpack":1,"scalinghealth:heart_crystal":1,"minecraft:bucket":1,"minecraft:birch_planks":72,"minecraft:air":0,"minecraft:diamond_pickaxe":1,"minecraft:shield":1,"minecraft:stick":32,"minecraft:flint":2,"minecraft:gunpowder":34,"minecraft:iron_ingot":78,"minecraft:iron_pickaxe":4,"minecraft:wooden_axe":2,"minecraft:iron_block":1,"minecraft:iron_leggings":1,"minecraft:gold_ingot":30,"minecraft:white_bed":1,"minecraft:torch":108},"minecraft:dropped":{"minecraft:birch_planks":8,"minecraft:glow_berries":1,"minecraft:dirt":14,"scalinghealth:heart_crystal":2,"create:asurine":9,"minecraft:azure_bluet":2},"minecraft:mined":{"minecraft:dark_oak_planks":6,"minecraft:large_amethyst_bud":1,"minecraft:tuff":23,"minecraft:white_bed":3,"minecraft:deepslate_diamond_ore":11,"minecraft:dark_oak_log":8,"minecraft:cave_vines_plant":1,"minecraft:granite":3,"minecraft:grass_block":6,"minecraft:moss_block":8,"tacz:gun_smith_table":1,"minecraft:iron_ore":66,"minecraft:cobbled_deepslate":9,"minecraft:andesite":16,"minecraft:moss_carpet":3,"minecraft:pumpkin":4,"minecraft:fletching_table":1,"minecraft:big_dripleaf_stem":1,"create:asurine":9,"iceandfire:gold_pile":56,"minecraft:cave_vines":3,"minecraft:deepslate_iron_ore":3,"minecraft:vine":1,"minecraft:stone":196,"minecraft:deepslate_redstone_ore":6,"minecraft:amethyst_cluster":7,"minecraft:clay":11,"minecraft:crafting_table":5,"minecraft:torch":5,"minecraft:calcite":21,"iceandfire:ghost_chest":2,"minecraft:tall_grass":8,"minecraft:copper_ore":18,"minecraft:deepslate_gold_ore":21,"minecraft:diorite":1,"minecraft:wall_torch":10,"minecraft:amethyst_block":6,"minecraft:big_dripleaf":1,"minecraft:birch_log":98,"minecraft:tnt":4,"minecraft:grass":12,"minecraft:coal_ore":69,"minecraft:gravel":1,"minecraft:dirt":14,"minecraft:cobweb":1,"minecraft:smooth_basalt":3,"minecraft:deepslate":403},"minecraft:broken":{"minecraft:iron_pickaxe":3,"minecraft:wooden_axe":2},"minecraft:picked_up":{"minecraft:crafting_table":4,"minecraft:azure_bluet":4,"minecraft:chicken":13,"minecraft:clay_ball":36,"minecraft:amethyst_block":6,"minecraft:raw_copper":70,"iceandfire:manuscript":3,"minecraft:string":47,"minecraft:moss_carpet":3,"tacz:ammo":360,"minecraft:gold_nugget":618,"minecraft:cobbled_deepslate":402,"minecraft:beef":6,"minecraft:calcite":21,"minecraft:birch_sapling":32,"minecraft:stick":11,"minecraft:raw_iron":69,"iceandfire:ghost_chest":2,"minecraft:big_dripleaf":4,"minecraft:copper_ingot":1,"minecraft:torch":16,"minecraft:porkchop":3,"minecraft:diorite":1,"minecraft:redstone":29,"minecraft:dark_oak_planks":6,"minecraft:tnt":4,"minecraft:rotten_flesh":9,"minecraft:arrow":3,"minecraft:tropical_fish":3,"create:asurine":9,"minecraft:glow_berries":2,"minecraft:mutton":6,"minecraft:cobblestone":139,"minecraft:white_wool":3,"minecraft:birch_log":98,"minecraft:feather":15,"minecraft:andesite":16,"minecraft:leather":26,"minecraft:birch_planks":8,"minecraft:tuff":20,"scalinghealth:heart_crystal":4,"minecraft:dirt":34,"minecraft:bone":12,"minecraft:wheat_seeds":5,"minecraft:raw_gold":21,"minecraft:iron_ingot":6,"minecraft:cobweb":4,"scalinghealth:power_crystal_shard":6,"minecraft:fletching_table":1,"tacz:gun_smith_table":1,"minecraft:moss_block":4,"scalinghealth:heart_crystal_shard":17,"minecraft:smooth_basalt":3,"minecraft:birch_boat":2,"minecraft:pumpkin":4,"minecraft:gravel":1,"minecraft:amethyst_shard":28,"minecraft:white_bed":3,"minecraft:dark_oak_log":8,"minecraft:diamond":11,"tacz:modern_kinetic_gun":1,"minecraft:granite":3,"minecraft:bone_meal":1,"minecraft:coal":69}},"DataVersion":3465}