{"stats":{"minecraft:custom":{"minecraft:interact_with_anvil":1,"minecraft:mob_kills":52,"minecraft:interact_with_crafting_table":42,"minecraft:open_barrel":6,"goblintraders:trade_with_goblin":92,"minecraft:damage_dealt_resisted":36,"minecraft:leave_game":2,"minecraft:time_since_death":74270,"minecraft:climb_one_cm":5388,"minecraft:sprint_one_cm":159489,"minecraft:walk_one_cm":877804,"minecraft:damage_blocked_by_shield":861,"minecraft:drop":9,"minecraft:talked_to_villager":3,"minecraft:play_time":228182,"minecraft:deaths":5,"minecraft:sneak_time":9349,"minecraft:walk_under_water_one_cm":41819,"minecraft:boat_one_cm":67750,"minecraft:jump":3443,"minecraft:walk_on_water_one_cm":34850,"minecraft:total_world_time":228182,"minecraft:interact_with_furnace":7,"minecraft:sleep_in_bed":12,"minecraft:time_since_rest":7255,"minecraft:damage_taken":2892,"minecraft:damage_absorbed":40,"minecraft:trigger_trapped_chest":1,"minecraft:damage_dealt":4437,"minecraft:swim_one_cm":40077,"minecraft:fly_one_cm":240969,"minecraft:open_chest":159,"minecraft:crouch_one_cm":22115,"minecraft:interact_with_smoker":1,"minecraft:fall_one_cm":42534},"minecraft:used":{"minecraft:moss_block":3,"minecraft:moss_carpet":2,"minecraft:iron_shovel":104,"minecraft:flint_and_steel":2,"tacz:gun_smith_table":3,"minecraft:chest":2,"minecraft:shield":9,"minecraft:iron_sword":103,"minecraft:cooked_chicken":5,"minecraft:netherrack":13,"simpletomb:grave_key":2,"minecraft:iron_chestplate":1,"minecraft:torch":188,"minecraft:dirt":29,"minecraft:mutton":6,"scalinghealth:heart_crystal":3,"minecraft:carrot":8,"minecraft:granite":2,"minecraft:axolotl_bucket":1,"minecraft:obsidian":10,"minecraft:big_dripleaf":1,"minecraft:dark_oak_planks":15,"minecraft:wooden_axe":124,"minecraft:bookshelf":15,"minecraft:oak_stairs":1,"iceandfire:ghost_chest":2,"minecraft:iron_helmet":1,"minecraft:iron_boots":1,"minecraft:furnace":1,"undead_revamp2:arapholia":1,"minecraft:cobbled_deepslate":138,"minecraft:iron_leggings":2,"minecraft:calcite":9,"minecraft:cooked_mutton":1,"battle_allays:chestinchest":1,"minecraft:water_bucket":9,"minecraft:diorite":1,"minecraft:amethyst_block":6,"minecraft:birch_boat":4,"minecraft:golden_apple":1,"minecraft:crafting_table":6,"minecraft:white_bed":4,"minecraft:smoker":1,"minecraft:diamond_pickaxe":5,"minecraft:bread":11,"minecraft:iron_pickaxe":1024,"minecraft:golden_leggings":2,"enchantinginfuser:enchanting_infuser":1,"minecraft:cobblestone":99,"minecraft:andesite":1,"minecraft:bucket":11},"minecraft:killed":{"undead_revamp2:thewolf":1,"undead_revamp2:thegliter":1,"battle_allays:void_vex":1,"minecraft:skeleton":3,"battle_allays:vexswordsman":3,"minecraft:chicken":13,"undead_revamp2:sucker":1,"battle_allays:shadowofvex":8,"minecraft:pig":1,"battle_allays:shadowvex":2,"minecraft:sheep":3,"undead_revamp2:thesomnolence":1,"minecraft:zombie":9,"iceandfire:ghost":1,"minecraft:cow":4},"minecraft:crafted":{"minecraft:birch_boat":1,"minecraft:cooked_chicken":6,"minecraft:furnace":1,"minecraft:bookshelf":15,"minecraft:chest":3,"minecraft:dark_oak_planks":32,"sophisticatedbackpacks:iron_backpack":1,"minecraft:emerald":4,"sophisticatedbackpacks:backpack":1,"enchantinginfuser:enchanting_infuser":1,"minecraft:crafting_table":2,"minecraft:enchanting_table":1,"tacz:ammo_box":1,"minecraft:iron_helmet":1,"tacz:gun_smith_table":1,"minecraft:copper_ingot":60,"sophisticatedbackpacks:gold_backpack":1,"scalinghealth:heart_crystal":1,"minecraft:bucket":1,"minecraft:birch_planks":328,"minecraft:air":0,"minecraft:book":7,"minecraft:paper":21,"minecraft:diamond_pickaxe":1,"minecraft:shield":1,"minecraft:stick":32,"minecraft:flint":2,"minecraft:gunpowder":34,"minecraft:iron_ingot":78,"minecraft:iron_pickaxe":4,"minecraft:wooden_axe":2,"minecraft:iron_block":1,"minecraft:iron_shovel":1,"minecraft:iron_leggings":1,"minecraft:gold_ingot":99,"minecraft:white_bed":1,"minecraft:torch":108},"minecraft:dropped":{"minecraft:birch_planks":8,"minecraft:glow_berries":1,"minecraft:dirt":14,"scalinghealth:heart_crystal":2,"minecraft:sugar_cane":3,"create:asurine":9,"minecraft:azure_bluet":2,"minecraft:carrot":5},"minecraft:mined":{"minecraft:dark_oak_planks":6,"minecraft:crying_obsidian":3,"minecraft:large_amethyst_bud":1,"minecraft:tuff":23,"minecraft:white_bed":3,"minecraft:mossy_cobblestone":1,"minecraft:deepslate_diamond_ore":11,"minecraft:dark_oak_log":8,"minecraft:cave_vines_plant":1,"minecraft:granite":3,"minecraft:grass_block":30,"minecraft:moss_block":8,"tacz:gun_smith_table":2,"minecraft:fire":14,"minecraft:iron_ore":66,"minecraft:cobbled_deepslate":9,"minecraft:andesite":16,"minecraft:moss_carpet":3,"minecraft:pumpkin":4,"minecraft:fletching_table":1,"minecraft:gold_block":2,"minecraft:big_dripleaf_stem":1,"create:asurine":9,"minecraft:bookshelf":13,"iceandfire:gold_pile":56,"minecraft:cave_vines":3,"minecraft:deepslate_iron_ore":3,"minecraft:vine":1,"minecraft:oak_stairs":1,"minecraft:stripped_oak_log":4,"minecraft:stone":201,"minecraft:deepslate_redstone_ore":6,"minecraft:smoker":1,"minecraft:amethyst_cluster":7,"minecraft:clay":11,"minecraft:crafting_table":5,"minecraft:torch":10,"minecraft:calcite":21,"iceandfire:ghost_chest":3,"minecraft:nether_quartz_ore":29,"minecraft:cobblestone":23,"minecraft:tall_grass":12,"minecraft:copper_ore":19,"minecraft:deepslate_gold_ore":21,"minecraft:sugar_cane":10,"minecraft:diorite":1,"minecraft:wall_torch":10,"minecraft:amethyst_block":6,"minecraft:big_dripleaf":1,"minecraft:skeleton_skull":2,"minecraft:birch_log":98,"minecraft:tnt":4,"minecraft:wither_rose":1,"minecraft:grass":31,"minecraft:coal_ore":70,"minecraft:gravel":1,"minecraft:dirt":30,"minecraft:cobweb":1,"minecraft:smooth_basalt":3,"minecraft:netherrack":45,"minecraft:deepslate":403},"minecraft:broken":{"minecraft:iron_pickaxe":4,"minecraft:wooden_axe":2},"minecraft:picked_up":{"minecraft:crafting_table":4,"minecraft:azure_bluet":4,"minecraft:chicken":13,"minecraft:clay_ball":36,"minecraft:oak_stairs":1,"minecraft:wither_rose":1,"minecraft:gold_block":2,"minecraft:amethyst_block":6,"battle_allays:chestinchest":1,"minecraft:raw_copper":75,"iceandfire:manuscript":3,"minecraft:string":47,"minecraft:moss_carpet":3,"tacz:ammo":360,"minecraft:gold_nugget":625,"minecraft:cobbled_deepslate":402,"minecraft:beef":6,"minecraft:calcite":21,"minecraft:sugar_cane":24,"minecraft:birch_sapling":32,"minecraft:stick":11,"minecraft:raw_iron":69,"iceandfire:ghost_chest":3,"minecraft:big_dripleaf":4,"minecraft:copper_ingot":1,"minecraft:torch":23,"minecraft:porkchop":3,"minecraft:diorite":1,"minecraft:redstone":29,"minecraft:dark_oak_planks":6,"minecraft:tnt":4,"minecraft:rotten_flesh":10,"minecraft:arrow":3,"minecraft:tropical_fish":3,"create:asurine":9,"minecraft:glow_berries":2,"minecraft:mutton":6,"undead_revamp2:arapholia":2,"minecraft:skeleton_skull":3,"minecraft:cobblestone":160,"minecraft:white_wool":3,"minecraft:stripped_oak_log":4,"minecraft:birch_log":98,"minecraft:feather":15,"minecraft:andesite":16,"minecraft:leather":26,"minecraft:smoker":1,"minecraft:birch_planks":8,"minecraft:tuff":20,"scalinghealth:heart_crystal":4,"minecraft:dirt":74,"minecraft:bone":23,"minecraft:wheat_seeds":8,"minecraft:raw_gold":21,"minecraft:iron_ingot":6,"minecraft:cobweb":4,"scalinghealth:power_crystal_shard":6,"minecraft:fletching_table":1,"tacz:gun_smith_table":2,"minecraft:moss_block":4,"minecraft:book":39,"scalinghealth:heart_crystal_shard":17,"minecraft:smooth_basalt":3,"minecraft:cooked_porkchop":10,"minecraft:birch_boat":3,"minecraft:pumpkin":4,"minecraft:quartz":29,"minecraft:gravel":1,"minecraft:amethyst_shard":28,"minecraft:white_bed":3,"minecraft:crying_obsidian":3,"minecraft:dark_oak_log":8,"minecraft:mossy_cobblestone":1,"minecraft:diamond":11,"tacz:modern_kinetic_gun":1,"minecraft:granite":3,"minecraft:bone_meal":1,"minecraft:netherrack":45,"minecraft:coal":85}},"DataVersion":3465}