{"stats":{"minecraft:killed_by":{"minecraft:creeper":1,"graveyard:acolyte":2,"mutantmonsters:creeper_minion":1,"minecraft:zombie":4,"graveyard:wraith":1,"alexsmobs:rocky_roller":1,"minecraft:spider":1,"minecraft:skeleton":1,"graveyard:corrupted_vindicator":1},"minecraft:mined":{"minecraft:spruce_planks":4,"create:andesite_casing":18,"minecraft:spruce_trapdoor":2,"minecraft:grass_block":2,"graveyard:warped_coffin":5,"minecraft:deepslate_bricks":4,"minecraft:spawner":1,"graveyard:wither_skull_with_rib_cage":1,"minecraft:weeping_vines_plant":1,"minecraft:raw_iron_block":2,"minecraft:iron_ore":38,"minecraft:cobbled_deepslate":3,"graveyard:leaning_wither_skeleton":1,"minecraft:fletching_table":1,"create:asurine":74,"minecraft:pointed_dripstone":2,"minecraft:polished_deepslate_slab":8,"minecraft:iron_bars":1,"minecraft:brown_mushroom":1,"minecraft:blackstone":7,"minecraft:polished_deepslate_stairs":20,"minecraft:amethyst_cluster":5,"graveyard:spruce_coffin":14,"minecraft:powder_snow":2,"minecraft:clay":1,"minecraft:torch":4,"minecraft:blast_furnace":1,"minecraft:calcite":8,"minecraft:chest":3,"minecraft:cobblestone":53,"minecraft:oak_planks":1,"minecraft:wall_torch":2,"minecraft:amethyst_block":7,"minecraft:deepslate_copper_ore":3,"graveyard:skull_pile":1,"minecraft:cracked_deepslate_tiles":3,"minecraft:loom":1,"minecraft:dirt":16,"minecraft:smooth_basalt":6,"minecraft:wither_skeleton_skull":1,"minecraft:deepslate":109,"minecraft:deepslate_tiles":5,"iceandfire:silver_ore":4,"minecraft:potted_wither_rose":1,"minecraft:deepslate_diamond_ore":18,"minecraft:cobbled_deepslate_slab":1,"minecraft:jungle_planks":1,"graveyard:tg_deepslate":1,"minecraft:spruce_leaves":47,"minecraft:rooted_dirt":1,"minecraft:hay_block":1,"create:shaft":2,"minecraft:spruce_sapling":3,"minecraft:furnace":2,"minecraft:andesite":165,"minecraft:stripped_spruce_log":22,"minecraft:polished_deepslate":6,"graveyard:sarcophagus":13,"minecraft:bookshelf":29,"minecraft:deepslate_iron_ore":21,"minecraft:stone":253,"graveyard:lying_wither_skeleton":1,"minecraft:crafting_table":3,"minecraft:lectern":1,"create:water_wheel":6,"minecraft:copper_ore":2,"minecraft:deepslate_coal_ore":1,"minecraft:deepslate_gold_ore":1,"minecraft:cracked_deepslate_bricks":1,"minecraft:diorite":4,"minecraft:blue_bed":2,"minecraft:coarse_dirt":1,"graveyard:skull_with_rib_cage":1,"minecraft:creeper_head":1,"minecraft:spruce_log":160,"graveyard:dark_iron_bars":1,"minecraft:coal_ore":39,"minecraft:gravel":4,"minecraft:dripstone_block":17,"minecraft:cobweb":5,"minecraft:gold_ore":6,"minecraft:fern":1},"minecraft:dropped":{"minecraft:iron_sword":2,"minecraft:candle":4,"minecraft:baked_potato":40,"graveyard:corruption":65,"minecraft:cracked_deepslate_tiles":2,"minecraft:snowball":29,"minecraft:gold_nugget":9,"minecraft:amethyst_shard":12,"minecraft:bone_meal":64,"minecraft:iron_pickaxe":2,"minecraft:gold_ingot":1,"minecraft:bone":214,"minecraft:gravel":3,"minecraft:blackstone":1,"minecraft:cobbled_deepslate":64,"minecraft:rotten_flesh":6,"graveyard:dark_iron_ingot":15,"minecraft:oak_planks":27,"minecraft:white_candle":10,"stalwart_dungeons:diamond_hammer":1,"minecraft:deepslate_tiles":2,"minecraft:chainmail_boots":1,"minecraft:lectern":1,"minecraft:enchanted_book":1,"graveyard:warped_coffin":2,"minecraft:cobbled_deepslate_wall":1,"minecraft:book":66,"minecraft:amethyst_block":21,"minecraft:coal":1,"minecraft:cobweb":310,"minecraft:black_candle":6,"minecraft:torch":64,"minecraft:string":1,"minecraft:oxidized_copper":5,"minecraft:smooth_basalt":1,"minecraft:polished_deepslate":3,"betterend:diamond_hammer":1,"minecraft:raw_copper":8,"minecraft:raw_iron":6,"minecraft:polished_deepslate_slab":5,"minecraft:polished_deepslate_stairs":14,"graveyard:spruce_coffin":15,"minecraft:spruce_planks":8,"minecraft:spruce_log":18,"graveyard:sarcophagus":10,"graveyard:dark_iron_bars":2},"minecraft:crafted":{"minecraft:chest":5,"sophisticatedbackpacks:backpack":1,"minecraft:emerald":3,"minecraft:diamond_axe":1,"minecraft:crafting_table":1,"minecraft:spruce_planks":196,"minecraft:wooden_pickaxe":3,"minecraft:baked_potato":74,"minecraft:iron_chestplate":1,"minecraft:charcoal":3,"create:water_wheel":1,"minecraft:shield":1,"sophisticatedbackpacks:diamond_backpack":1,"minecraft:stick":168,"minecraft:iron_ingot":92,"minecraft:compass":1,"minecraft:gold_ingot":17,"minecraft:golden_carrot":3,"minecraft:raw_iron":18,"minecraft:iron_nugget":81,"minecraft:flint_and_steel":1,"minecraft:stone_pickaxe":3,"sophisticatedbackpacks:iron_backpack":1,"create:andesite_alloy":29,"sophisticatedbackpacks:gold_backpack":1,"minecraft:bucket":1,"minecraft:stone_axe":1,"minecraft:enchanted_book":14,"minecraft:bread":4,"minecraft:air":0,"create:speedometer":1,"minecraft:wooden_axe":1,"minecraft:iron_leggings":1,"create:shaft":16,"minecraft:torch":176},"minecraft:picked_up":{"minecraft:chainmail_boots":2,"minecraft:creeper_head":1,"minecraft:flower_pot":1,"minecraft:wither_rose":8,"minecraft:enchanted_book":8,"minecraft:amethyst_block":21,"iceandfire:armor_silver_metal_chestplate":1,"minecraft:polished_deepslate":4,"minecraft:string":2,"minecraft:raw_copper":45,"minecraft:cooked_salmon":9,"graveyard:sarcophagus":10,"minecraft:shroomlight":1,"create:water_wheel":6,"minecraft:deepslate_tiles":6,"minecraft:gold_nugget":9,"minecraft:cobbled_deepslate":103,"minecraft:spruce_planks":5,"minecraft:calcite":8,"minecraft:iron_pickaxe":5,"minecraft:enchanted_golden_apple":2,"minecraft:furnace":2,"minecraft:stick":7,"minecraft:polished_deepslate_stairs":20,"minecraft:torch":61,"create:andesite_casing":18,"minecraft:pointed_dripstone":8,"minecraft:diorite":4,"alexsmobs:centipede_leg":2,"minecraft:rotten_flesh":45,"graveyard:warped_coffin":2,"create:asurine":74,"minecraft:snowball":74,"minecraft:iron_bars":1,"minecraft:cobblestone":301,"minecraft:oxidized_copper":5,"minecraft:andesite":165,"minecraft:potato":61,"minecraft:flint":2,"minecraft:dirt":28,"iceandfire:dragonbone_sword_ice":1,"minecraft:bone":274,"minecraft:cobbled_deepslate_wall":2,"minecraft:raw_gold":32,"create:shaft":1,"minecraft:fletching_table":1,"minecraft:oak_planks":16,"minecraft:jungle_planks":1,"minecraft:stripped_spruce_log":22,"minecraft:loom":1,"minecraft:white_candle":10,"minecraft:diamond":22,"minecraft:bone_meal":64,"minecraft:golden_apple":1,"minecraft:emerald":61,"minecraft:rooted_dirt":1,"alexsmobs:maggot":2,"iceandfire:raw_silver":6,"minecraft:coarse_dirt":1,"minecraft:crafting_table":3,"minecraft:ladder":67,"minecraft:clay_ball":4,"graveyard:dark_iron_ingot":10,"minecraft:brown_mushroom":1,"minecraft:iron_axe":2,"artifacts:fire_gauntlet":1,"minecraft:blackstone":9,"graveyard:corruption":63,"minecraft:candle":4,"minecraft:lectern":1,"minecraft:chest":3,"minecraft:spruce_trapdoor":1,"minecraft:raw_iron":145,"minecraft:polished_deepslate_slab":6,"minecraft:copper_ingot":27,"graveyard:dark_iron_bars":2,"minecraft:carrot":1,"minecraft:arrow":6,"minecraft:deepslate_bricks":3,"minecraft:hay_block":2,"minecraft:gold_ingot":11,"minecraft:skeleton_skull":2,"minecraft:cracked_deepslate_tiles":4,"minecraft:glow_ink_sac":5,"betterend:diamond_hammer":1,"minecraft:leather":1,"croptopia:glowing_calamari":4,"graveyard:spruce_coffin":15,"stalwart_dungeons:diamond_hammer":1,"minecraft:gunpowder":69,"minecraft:blue_bed":2,"iceandfire:armor_silver_metal_helmet":1,"minecraft:iron_ingot":24,"minecraft:cobweb":329,"minecraft:iron_sword":3,"minecraft:book":186,"minecraft:smooth_basalt":7,"minecraft:black_candle":6,"minecraft:raw_iron_block":2,"minecraft:dripstone_block":17,"minecraft:gravel":4,"minecraft:amethyst_shard":46,"minecraft:spruce_sapling":17,"minecraft:blast_furnace":1,"minecraft:spruce_log":162,"minecraft:baked_potato":4,"minecraft:coal":109,"minecraft:ender_pearl":7},"minecraft:killed":{"graveyard:wraith":6,"minecraft:skeleton":8,"graveyard:acolyte":23,"artifacts:mimic":1,"minecraft:creeper":1,"alexsmobs:warped_toad":1,"minecraft:zombie":11,"graveyard:corrupted_pillager":11,"graveyard:corrupted_vindicator":30},"minecraft:broken":{"minecraft:stone_pickaxe":1,"minecraft:iron_sword":2,"minecraft:wooden_pickaxe":1,"minecraft:iron_axe":1},"minecraft:used":{"minecraft:iron_shovel":16,"minecraft:ladder":67,"minecraft:chest":7,"minecraft:shield":17,"minecraft:iron_sword":190,"minecraft:iron_chestplate":1,"betterend:diamond_hammer":1,"minecraft:cracked_deepslate_tiles":2,"create:speedometer":1,"minecraft:snowball":16,"minecraft:stripped_spruce_log":13,"minecraft:polished_deepslate_stairs":5,"minecraft:bow":35,"create:shaft":9,"minecraft:furnace":1,"minecraft:stone_pickaxe":140,"minecraft:oak_planks":8,"iceandfire:dragonbone_sword_ice":3,"minecraft:wooden_pickaxe":117,"minecraft:blue_bed":2,"minecraft:diamond_axe":233,"minecraft:golden_apple":1,"minecraft:blast_furnace":1,"minecraft:bread":7,"create:andesite_casing":1,"minecraft:diamond_sword":20,"minecraft:chainmail_boots":1,"minecraft:coarse_dirt":1,"minecraft:cobweb":19,"minecraft:flint_and_steel":4,"croptopia:glowing_calamari":2,"minecraft:spruce_planks":11,"minecraft:cooked_salmon":9,"simpletomb:grave_key":18,"minecraft:torch":152,"minecraft:dirt":7,"minecraft:shroomlight":1,"minecraft:wooden_axe":46,"minecraft:iron_axe":59,"stalwart_dungeons:diamond_hammer":159,"minecraft:golden_carrot":12,"minecraft:cobbled_deepslate":20,"minecraft:iron_leggings":1,"sophisticatedbackpacks:gold_backpack":2,"minecraft:water_bucket":10,"minecraft:baked_potato":7,"minecraft:fletching_table":1,"minecraft:deepslate_bricks":2,"minecraft:polished_deepslate_slab":1,"minecraft:crafting_table":4,"minecraft:spruce_log":36,"minecraft:flower_pot":1,"minecraft:iron_pickaxe":516,"create:water_wheel":7,"minecraft:spruce_sapling":12,"minecraft:stone_axe":30,"minecraft:cobblestone":102,"minecraft:bucket":10,"alexsmobs:animal_dictionary":2},"minecraft:custom":{"minecraft:interact_with_crafting_table":51,"minecraft:open_barrel":22,"minecraft:bell_ring":1,"minecraft:leave_game":6,"minecraft:time_since_death":126215,"minecraft:sprint_one_cm":95428,"minecraft:damage_blocked_by_shield":787,"minecraft:drop":140,"minecraft:talked_to_villager":14,"minecraft:play_time":298390,"minecraft:deaths":14,"minecraft:jump":2063,"minecraft:interact_with_brewingstand":4,"minecraft:walk_on_water_one_cm":4894,"minecraft:interact_with_furnace":40,"minecraft:traded_with_villager":18,"minecraft:interact_with_cartography_table":1,"minecraft:interact_with_loom":4,"minecraft:sleep_in_bed":12,"minecraft:damage_dealt":18070,"minecraft:crouch_one_cm":20308,"minecraft:interact_with_smoker":37,"minecraft:mob_kills":94,"minecraft:interact_with_anvil":4,"minecraft:interact_with_campfire":9,"minecraft:climb_one_cm":21472,"minecraft:walk_one_cm":1338004,"minecraft:damage_dealt_absorbed":10,"minecraft:sneak_time":11614,"minecraft:walk_under_water_one_cm":4951,"minecraft:interact_with_lectern":3,"minecraft:interact_with_blast_furnace":19,"minecraft:total_world_time":298390,"minecraft:time_since_rest":10716,"minecraft:damage_absorbed":40,"minecraft:damage_taken":6451,"minecraft:fly_one_cm":230669,"minecraft:open_chest":233,"minecraft:fall_one_cm":51115}},"DataVersion":3465}