{"stats":{"minecraft:broken":{"minecraft:iron_boots":1,"minecraft:golden_leggings":1,"minecraft:wooden_axe":2,"minecraft:iron_pickaxe":6,"minecraft:iron_helmet":1},"minecraft:picked_up":{"minecraft:wheat":1,"minecraft:nether_brick_fence":4,"minecraft:oak_stairs":1,"minecraft:enchanted_book":3,"minecraft:wither_rose":1,"minecraft:potion":2,"minecraft:nether_brick":6,"minecraft:amethyst_block":6,"iceandfire:manuscript":3,"minecraft:string":51,"minecraft:raw_copper":75,"minecraft:red_nether_bricks":14,"minecraft:gold_nugget":625,"minecraft:cobbled_deepslate":402,"minecraft:calcite":21,"minecraft:coal_block":1,"minecraft:iron_boots":1,"minecraft:stick":11,"iceandfire:ghost_chest":3,"minecraft:big_dripleaf":4,"minecraft:torch":24,"minecraft:porkchop":3,"minecraft:diorite":1,"minecraft:stone_sword":3,"minecraft:rotten_flesh":11,"minecraft:tropical_fish":3,"create:asurine":9,"minecraft:blaze_rod":6,"minecraft:obsidian":2,"undead_revamp2:arapholia":3,"minecraft:blaze_powder":3,"minecraft:cobblestone":161,"minecraft:birch_log":98,"minecraft:magma_block":18,"minecraft:feather":15,"minecraft:magma_cream":1,"minecraft:andesite":16,"minecraft:smoker":1,"minecraft:flint":5,"minecraft:tuff":20,"minecraft:wither_skeleton_skull":1,"minecraft:lapis_lazuli":16,"minecraft:dirt":74,"minecraft:lantern":1,"minecraft:bone":53,"minecraft:wheat_seeds":11,"minecraft:raw_gold":21,"minecraft:glowstone_dust":47,"minecraft:fletching_table":1,"tacz:gun_smith_table":2,"minecraft:moss_block":4,"minecraft:cooked_porkchop":11,"minecraft:warped_wart_block":7,"minecraft:sand":64,"minecraft:nether_brick_stairs":7,"minecraft:spectral_arrow":46,"minecraft:dark_oak_log":18,"minecraft:mossy_cobblestone":1,"minecraft:diamond":11,"enchantinginfuser:enchanting_infuser":1,"minecraft:granite":3,"minecraft:bone_meal":1,"minecraft:netherrack":961,"minecraft:crafting_table":5,"minecraft:azure_bluet":4,"minecraft:chicken":13,"iceandfire:witherbone":8,"minecraft:nether_wart":38,"minecraft:clay_ball":36,"minecraft:gold_block":2,"minecraft:red_bed":18,"minecraft:moss_carpet":3,"tacz:ammo":540,"minecraft:blackstone":92,"minecraft:beef":6,"minecraft:iron_nugget":23,"minecraft:sugar_cane":24,"minecraft:birch_sapling":32,"minecraft:raw_iron":69,"artifacts:charm_of_sinking":1,"minecraft:copper_ingot":1,"minecraft:fire_charge":3,"minecraft:carrot":3,"minecraft:redstone":29,"minecraft:dark_oak_planks":6,"minecraft:tnt":27,"minecraft:arrow":10,"minecraft:nether_bricks":6,"minecraft:hay_block":96,"minecraft:gold_ingot":12,"minecraft:glow_berries":2,"minecraft:mutton":6,"minecraft:white_wool":3,"minecraft:skeleton_skull":3,"minecraft:stripped_oak_log":4,"minecraft:leather":42,"minecraft:birch_planks":8,"minecraft:ancient_debris":72,"minecraft:gunpowder":1,"simpletomb:grave_key":4,"scalinghealth:heart_crystal":8,"minecraft:red_carpet":9,"minecraft:red_nether_brick_stairs":5,"minecraft:iron_ingot":6,"minecraft:cobweb":4,"scalinghealth:power_crystal_shard":6,"minecraft:soul_sand":39,"minecraft:book":39,"minecraft:warped_fungus":1,"scalinghealth:heart_crystal_shard":18,"minecraft:smooth_basalt":3,"minecraft:birch_boat":3,"minecraft:pumpkin":4,"minecraft:quartz":41,"minecraft:cracked_nether_bricks":1,"minecraft:gravel":32,"minecraft:amethyst_shard":28,"minecraft:white_bed":3,"minecraft:nether_brick_slab":5,"minecraft:crying_obsidian":14,"minecraft:spider_eye":2,"tacz:modern_kinetic_gun":1,"minecraft:warped_roots":2,"minecraft:coal":96,"minecraft:ender_pearl":6},"minecraft:crafted":{"mob_grinding_utils:gm_chicken_feed_cursed":1,"minecraft:blaze_powder":2,"minecraft:birch_boat":1,"minecraft:cooked_chicken":6,"minecraft:lever":1,"mob_grinding_utils:tank":1,"minecraft:bookshelf":15,"minecraft:iron_bars":16,"minecraft:glass":64,"minecraft:hopper":1,"minecraft:iron_boots":1,"minecraft:chest":3,"minecraft:ender_eye":2,"minecraft:glass_bottle":6,"minecraft:emerald":7,"sophisticatedbackpacks:backpack":1,"enchantinginfuser:enchanting_infuser":1,"minecraft:crafting_table":2,"tacz:ammo_box":1,"minecraft:iron_helmet":2,"minecraft:copper_ingot":60,"minecraft:birch_planks":328,"minecraft:brewing_stand":1,"sophisticatedbackpacks:upgrade_base":1,"enchantinginfuser:advanced_enchanting_infuser":1,"minecraft:book":7,"minecraft:iron_chestplate":1,"minecraft:paper":21,"minecraft:diamond_pickaxe":1,"minecraft:shield":1,"minecraft:stick":32,"minecraft:iron_ingot":78,"minecraft:iron_pickaxe":4,"minecraft:iron_block":1,"minecraft:gold_ingot":99,"minecraft:netherite_ingot":22,"minecraft:furnace":1,"minecraft:netherite_scrap":90,"minecraft:dark_oak_planks":32,"minecraft:wheat":288,"sophisticatedbackpacks:iron_backpack":1,"minecraft:enchanting_table":1,"tacz:gun_smith_table":1,"sophisticatedbackpacks:gold_backpack":1,"scalinghealth:heart_crystal":1,"minecraft:bucket":4,"minecraft:bread":12,"minecraft:air":0,"mob_grinding_utils:tank_sink":1,"minecraft:flint":2,"minecraft:gunpowder":34,"minecraft:wooden_axe":2,"minecraft:iron_shovel":1,"minecraft:iron_leggings":2,"minecraft:white_bed":1,"minecraft:torch":108},"minecraft:killed":{"undead_revamp2:thewolf":1,"minecraft:skeleton":12,"minecraft:chicken":13,"minecraft:magma_cube":1,"minecraft:pig":1,"minecraft:creeper":1,"minecraft:sheep":3,"minecraft:zombie":12,"minecraft:cow":4,"minecraft:blaze":17,"undead_revamp2:thegliter":1,"undead_revamp2:bomber":1,"undead_revamp2:thebidy":1,"undead_revamp2:sucker":1,"undead_revamp2:thesomnolence":4,"iceandfire:ghost":1,"minecraft:wither_skeleton":28},"minecraft:mined":{"minecraft:dark_oak_planks":6,"minecraft:large_amethyst_bud":1,"minecraft:white_bed":3,"minecraft:red_nether_bricks":15,"minecraft:cave_vines_plant":1,"minecraft:granite":3,"minecraft:grass_block":30,"minecraft:coal_block":4,"tacz:gun_smith_table":2,"minecraft:nether_wart":20,"minecraft:magma_block":18,"minecraft:glowstone":18,"minecraft:red_nether_brick_stairs":12,"minecraft:cobbled_deepslate":9,"minecraft:iron_ore":66,"minecraft:fire":34,"minecraft:pumpkin":4,"minecraft:moss_carpet":3,"minecraft:fletching_table":1,"minecraft:nether_brick_stairs":7,"create:asurine":9,"minecraft:cave_vines":3,"iceandfire:gold_pile":56,"minecraft:oak_stairs":1,"minecraft:deepslate_redstone_ore":6,"minecraft:red_bed":18,"minecraft:blackstone":64,"minecraft:smoker":1,"minecraft:amethyst_cluster":7,"scalinghealth:deepslate_heart_crystal_ore":1,"minecraft:clay":11,"minecraft:torch":10,"minecraft:calcite":21,"iceandfire:ghost_chest":3,"minecraft:nether_brick_slab":5,"minecraft:nether_quartz_ore":34,"minecraft:cobblestone":24,"minecraft:sugar_cane":10,"minecraft:wall_torch":11,"minecraft:amethyst_block":6,"minecraft:skeleton_skull":2,"minecraft:warped_nylium":8,"minecraft:birch_log":98,"minecraft:tnt":28,"minecraft:warped_fungus":1,"minecraft:wither_rose":1,"minecraft:grass":31,"minecraft:sand":64,"minecraft:dirt":30,"minecraft:smooth_basalt":3,"minecraft:ancient_debris":72,"minecraft:netherrack":1805,"minecraft:deepslate":403,"minecraft:crying_obsidian":13,"minecraft:tuff":23,"minecraft:red_carpet":7,"minecraft:mossy_cobblestone":1,"minecraft:deepslate_diamond_ore":11,"enchantinginfuser:enchanting_infuser":1,"minecraft:dark_oak_log":18,"minecraft:nether_bricks":7,"minecraft:moss_block":8,"minecraft:cracked_nether_bricks":1,"minecraft:hay_block":97,"minecraft:andesite":16,"minecraft:gold_block":2,"minecraft:big_dripleaf_stem":1,"minecraft:nether_brick_fence":4,"minecraft:bookshelf":13,"minecraft:deepslate_iron_ore":3,"minecraft:vine":1,"minecraft:stripped_oak_log":4,"minecraft:stone":201,"minecraft:soul_sand":24,"minecraft:crafting_table":6,"minecraft:warped_roots":2,"minecraft:tall_grass":12,"minecraft:copper_ore":19,"minecraft:deepslate_gold_ore":21,"minecraft:lapis_ore":2,"minecraft:diorite":1,"minecraft:big_dripleaf":1,"minecraft:warped_wart_block":7,"minecraft:coal_ore":70,"minecraft:gravel":25,"minecraft:cobweb":6},"minecraft:used":{"minecraft:moss_block":3,"minecraft:nether_brick_fence":2,"minecraft:moss_carpet":2,"minecraft:iron_shovel":209,"minecraft:chest":2,"minecraft:shield":11,"minecraft:iron_sword":232,"minecraft:iron_chestplate":1,"minecraft:mutton":6,"minecraft:carrot":8,"minecraft:axolotl_bucket":1,"enchantinginfuser:advanced_enchanting_infuser":1,"minecraft:obsidian":10,"minecraft:big_dripleaf":1,"minecraft:lantern":1,"minecraft:iron_helmet":2,"iceandfire:ghost_chest":2,"mob_grinding_utils:tank_sink":1,"minecraft:red_carpet":9,"minecraft:bow":29,"minecraft:furnace":1,"minecraft:diorite":1,"minecraft:golden_apple":1,"minecraft:lever":1,"sophisticatedbackpacks:backpack":1,"minecraft:bread":17,"minecraft:string":1,"mob_grinding_utils:fluid_xp_bucket":1,"minecraft:andesite":1,"minecraft:flint_and_steel":2,"tacz:gun_smith_table":3,"minecraft:cooked_chicken":5,"minecraft:netherrack":350,"simpletomb:grave_key":8,"minecraft:torch":194,"minecraft:brewing_stand":1,"minecraft:dirt":29,"scalinghealth:heart_crystal":7,"minecraft:granite":2,"minecraft:wooden_axe":124,"minecraft:dark_oak_planks":15,"minecraft:bookshelf":15,"minecraft:oak_stairs":1,"minecraft:iron_boots":1,"undead_revamp2:arapholia":2,"minecraft:cobbled_deepslate":138,"minecraft:iron_leggings":3,"minecraft:calcite":9,"minecraft:cooked_mutton":13,"minecraft:water_bucket":21,"minecraft:amethyst_block":6,"minecraft:glass_bottle":6,"minecraft:red_nether_bricks":4,"minecraft:birch_boat":4,"minecraft:crafting_table":6,"minecraft:white_bed":4,"minecraft:smoker":1,"minecraft:diamond_pickaxe":1537,"minecraft:iron_pickaxe":1511,"minecraft:golden_leggings":3,"enchantinginfuser:enchanting_infuser":1,"minecraft:cobblestone":99,"minecraft:potion":5,"minecraft:cooked_porkchop":28,"minecraft:bucket":23},"minecraft:dropped":{"minecraft:nether_brick_stairs":7,"minecraft:iron_sword":1,"minecraft:birch_planks":8,"minecraft:glow_berries":1,"minecraft:dirt":14,"minecraft:dark_oak_log":10,"minecraft:gold_ingot":44,"minecraft:blackstone":64,"minecraft:sugar_cane":3,"minecraft:nether_brick":6,"minecraft:wheat":253,"create:asurine":9,"minecraft:azure_bluet":2,"minecraft:carrot":5,"minecraft:red_nether_bricks":10,"minecraft:cracked_nether_bricks":1,"minecraft:netherrack":578,"simpletomb:grave_key":4,"scalinghealth:heart_crystal":2,"minecraft:string":1,"minecraft:nether_brick_slab":5,"minecraft:stone_sword":3,"iceandfire:witherbone":6,"minecraft:nether_bricks":6,"minecraft:red_nether_brick_stairs":5},"minecraft:custom":{"minecraft:interact_with_crafting_table":61,"minecraft:open_barrel":65,"goblintraders:trade_with_goblin":113,"minecraft:leave_game":4,"minecraft:time_since_death":143064,"minecraft:sprint_one_cm":378625,"minecraft:damage_blocked_by_shield":1000,"minecraft:drop":87,"minecraft:talked_to_villager":5,"minecraft:play_time":431921,"minecraft:deaths":9,"minecraft:jump":5137,"minecraft:interact_with_brewingstand":9,"minecraft:walk_on_water_one_cm":43412,"minecraft:interact_with_furnace":13,"minecraft:sleep_in_bed":17,"minecraft:damage_dealt":9912,"minecraft:crouch_one_cm":29855,"minecraft:interact_with_smoker":1,"minecraft:mob_kills":125,"minecraft:interact_with_anvil":2,"minecraft:damage_dealt_resisted":36,"minecraft:climb_one_cm":9667,"minecraft:walk_one_cm":1807936,"minecraft:sneak_time":12088,"minecraft:walk_under_water_one_cm":47103,"minecraft:boat_one_cm":67750,"minecraft:total_world_time":431921,"minecraft:time_since_rest":8295,"minecraft:damage_taken":9556,"minecraft:damage_absorbed":40,"minecraft:trigger_trapped_chest":2,"minecraft:swim_one_cm":47977,"minecraft:fly_one_cm":499762,"minecraft:open_chest":326,"minecraft:fall_one_cm":71643}},"DataVersion":3465}