{"stats":{"minecraft:dropped":{"minecraft:birch_planks":8,"create:asurine":9,"minecraft:dirt":14},"minecraft:killed":{"undead_revamp2:thewolf":1,"battle_allays:shadowofvex":4,"battle_allays:shadowvex":1,"battle_allays:void_vex":1,"battle_allays:vexswordsman":3,"minecraft:sheep":3,"iceandfire:ghost":1,"minecraft:chicken":6},"minecraft:broken":{"minecraft:iron_pickaxe":1,"minecraft:wooden_axe":2},"minecraft:mined":{"minecraft:dark_oak_planks":6,"minecraft:large_amethyst_bud":1,"minecraft:tuff":3,"minecraft:dark_oak_log":8,"minecraft:clay":7,"minecraft:crafting_table":4,"minecraft:torch":2,"minecraft:granite":3,"minecraft:grass_block":3,"minecraft:calcite":21,"iceandfire:ghost_chest":2,"minecraft:tall_grass":5,"minecraft:copper_ore":18,"minecraft:moss_block":5,"minecraft:diorite":1,"minecraft:wall_torch":1,"minecraft:big_dripleaf":1,"minecraft:amethyst_block":6,"minecraft:birch_log":98,"minecraft:iron_ore":66,"minecraft:moss_carpet":3,"minecraft:andesite":16,"minecraft:pumpkin":4,"minecraft:tnt":3,"minecraft:big_dripleaf_stem":1,"minecraft:grass":8,"create:asurine":9,"minecraft:coal_ore":69,"minecraft:vine":1,"minecraft:gravel":1,"minecraft:dirt":11,"minecraft:cobweb":1,"minecraft:smooth_basalt":3,"minecraft:stone":192,"minecraft:deepslate":48},"minecraft:crafted":{"minecraft:emerald":4,"minecraft:crafting_table":1,"tacz:ammo_box":1,"minecraft:iron_helmet":1,"minecraft:furnace":1,"tacz:gun_smith_table":1,"minecraft:copper_ingot":60,"scalinghealth:heart_crystal":1,"minecraft:bucket":1,"minecraft:birch_planks":48,"minecraft:air":0,"minecraft:shield":1,"minecraft:flint":2,"minecraft:stick":24,"minecraft:gunpowder":34,"minecraft:iron_ingot":78,"minecraft:iron_pickaxe":2,"minecraft:iron_block":1,"minecraft:wooden_axe":2,"minecraft:chest":2,"minecraft:iron_leggings":1,"minecraft:white_bed":1,"minecraft:dark_oak_planks":32,"minecraft:torch":108},"minecraft:used":{"minecraft:calcite":9,"minecraft:moss_block":3,"minecraft:water_bucket":3,"minecraft:moss_carpet":2,"minecraft:diorite":1,"minecraft:amethyst_block":6,"tacz:gun_smith_table":1,"minecraft:chest":2,"minecraft:shield":9,"minecraft:iron_sword":40,"simpletomb:grave_key":2,"minecraft:iron_chestplate":1,"minecraft:torch":91,"minecraft:mutton":6,"scalinghealth:heart_crystal":1,"minecraft:crafting_table":5,"minecraft:white_bed":1,"minecraft:granite":2,"minecraft:big_dripleaf":1,"minecraft:dark_oak_planks":15,"minecraft:wooden_axe":124,"minecraft:bread":6,"minecraft:iron_pickaxe":467,"minecraft:iron_helmet":1,"iceandfire:ghost_chest":1,"minecraft:iron_boots":1,"minecraft:cobblestone":16,"minecraft:furnace":1,"minecraft:bucket":4,"minecraft:andesite":1,"minecraft:iron_leggings":1},"minecraft:picked_up":{"minecraft:birch_log":98,"minecraft:crafting_table":4,"minecraft:feather":8,"minecraft:chicken":6,"minecraft:clay_ball":20,"minecraft:andesite":16,"minecraft:birch_planks":8,"minecraft:tuff":3,"minecraft:amethyst_block":6,"minecraft:string":3,"iceandfire:manuscript":3,"minecraft:dirt":28,"minecraft:moss_carpet":3,"minecraft:raw_copper":70,"tacz:ammo":360,"minecraft:bone":5,"minecraft:wheat_seeds":1,"minecraft:cobbled_deepslate":45,"minecraft:iron_ingot":6,"minecraft:cobweb":4,"scalinghealth:power_crystal_shard":1,"minecraft:calcite":21,"minecraft:moss_block":4,"minecraft:birch_sapling":32,"minecraft:smooth_basalt":3,"minecraft:stick":11,"minecraft:raw_iron":66,"scalinghealth:heart_crystal_shard":15,"iceandfire:ghost_chest":2,"minecraft:pumpkin":4,"minecraft:big_dripleaf":4,"minecraft:copper_ingot":1,"minecraft:torch":3,"minecraft:gravel":1,"minecraft:diorite":1,"minecraft:dark_oak_log":8,"minecraft:dark_oak_planks":6,"minecraft:tnt":3,"minecraft:tropical_fish":3,"tacz:modern_kinetic_gun":1,"minecraft:granite":3,"create:asurine":9,"minecraft:bone_meal":1,"minecraft:glow_berries":1,"minecraft:mutton":6,"minecraft:coal":69,"minecraft:white_wool":3,"minecraft:cobblestone":135},"minecraft:custom":{"minecraft:interact_with_furnace":4,"minecraft:mob_kills":20,"minecraft:interact_with_crafting_table":23,"goblintraders:trade_with_goblin":82,"minecraft:damage_dealt_resisted":36,"minecraft:time_since_death":12392,"minecraft:sleep_in_bed":5,"minecraft:climb_one_cm":5162,"minecraft:time_since_rest":3113,"minecraft:sprint_one_cm":38207,"minecraft:damage_taken":1365,"minecraft:walk_one_cm":312666,"minecraft:damage_blocked_by_shield":861,"minecraft:trigger_trapped_chest":1,"minecraft:drop":3,"minecraft:damage_dealt":1994,"minecraft:fly_one_cm":31393,"minecraft:open_chest":47,"minecraft:crouch_one_cm":14349,"minecraft:play_time":80737,"minecraft:deaths":3,"minecraft:sneak_time":6545,"minecraft:walk_under_water_one_cm":24803,"minecraft:jump":1440,"minecraft:walk_on_water_one_cm":12884,"minecraft:total_world_time":80737,"minecraft:fall_one_cm":14075}},"DataVersion":3465}