{"stats":{"minecraft:killed_by":{"alexsmobs:rocky_roller":1,"minecraft:creeper":1,"minecraft:spider":1,"graveyard:acolyte":2,"minecraft:skeleton":1,"mutantmonsters:creeper_minion":1,"minecraft:zombie":4,"graveyard:corrupted_vindicator":1,"graveyard:wraith":1},"minecraft:mined":{"minecraft:deepslate_tiles":5,"iceandfire:silver_ore":4,"minecraft:potted_wither_rose":1,"minecraft:deepslate_diamond_ore":18,"minecraft:cobbled_deepslate_slab":1,"minecraft:grass_block":2,"minecraft:jungle_planks":1,"graveyard:tg_deepslate":1,"graveyard:warped_coffin":5,"minecraft:deepslate_bricks":4,"minecraft:spruce_leaves":46,"minecraft:rooted_dirt":1,"minecraft:spawner":1,"minecraft:hay_block":1,"graveyard:wither_skull_with_rib_cage":1,"minecraft:weeping_vines_plant":1,"minecraft:raw_iron_block":2,"minecraft:spruce_sapling":3,"minecraft:furnace":2,"minecraft:iron_ore":38,"minecraft:cobbled_deepslate":3,"minecraft:andesite":165,"graveyard:leaning_wither_skeleton":1,"minecraft:fletching_table":1,"create:asurine":74,"minecraft:polished_deepslate":6,"minecraft:bookshelf":29,"graveyard:sarcophagus":13,"minecraft:pointed_dripstone":2,"minecraft:deepslate_iron_ore":21,"minecraft:polished_deepslate_slab":8,"minecraft:iron_bars":1,"minecraft:stone":253,"graveyard:lying_wither_skeleton":1,"minecraft:brown_mushroom":1,"minecraft:blackstone":7,"minecraft:polished_deepslate_stairs":20,"minecraft:amethyst_cluster":5,"graveyard:spruce_coffin":14,"minecraft:powder_snow":2,"minecraft:clay":1,"minecraft:crafting_table":3,"minecraft:torch":2,"minecraft:blast_furnace":1,"minecraft:calcite":8,"minecraft:chest":3,"minecraft:lectern":1,"minecraft:deepslate_coal_ore":1,"minecraft:copper_ore":2,"minecraft:cobblestone":51,"minecraft:diorite":4,"minecraft:deepslate_gold_ore":1,"minecraft:oak_planks":1,"minecraft:cracked_deepslate_bricks":1,"minecraft:blue_bed":2,"minecraft:wall_torch":2,"minecraft:amethyst_block":7,"minecraft:deepslate_copper_ore":3,"minecraft:coarse_dirt":1,"graveyard:skull_with_rib_cage":1,"minecraft:creeper_head":1,"minecraft:spruce_log":154,"graveyard:skull_pile":1,"minecraft:cracked_deepslate_tiles":3,"graveyard:dark_iron_bars":1,"minecraft:coal_ore":39,"minecraft:gravel":4,"minecraft:loom":1,"minecraft:dripstone_block":17,"minecraft:dirt":15,"minecraft:cobweb":5,"minecraft:smooth_basalt":6,"minecraft:wither_skeleton_skull":1,"minecraft:gold_ore":6,"minecraft:deepslate":109,"minecraft:fern":1},"minecraft:dropped":{"minecraft:enchanted_book":1,"minecraft:iron_sword":2,"minecraft:candle":4,"minecraft:baked_potato":40,"graveyard:warped_coffin":2,"minecraft:cobbled_deepslate_wall":1,"minecraft:book":2,"minecraft:amethyst_block":21,"graveyard:corruption":65,"minecraft:coal":1,"minecraft:cobweb":310,"minecraft:black_candle":6,"minecraft:torch":64,"minecraft:cracked_deepslate_tiles":2,"minecraft:snowball":29,"minecraft:gold_nugget":9,"minecraft:amethyst_shard":12,"minecraft:bone_meal":64,"minecraft:iron_pickaxe":2,"minecraft:string":1,"minecraft:oxidized_copper":5,"minecraft:smooth_basalt":1,"minecraft:gold_ingot":1,"minecraft:bone":214,"minecraft:polished_deepslate":3,"minecraft:gravel":3,"minecraft:blackstone":1,"betterend:diamond_hammer":1,"minecraft:cobbled_deepslate":64,"minecraft:raw_copper":8,"minecraft:raw_iron":6,"graveyard:dark_iron_ingot":15,"minecraft:polished_deepslate_slab":5,"minecraft:rotten_flesh":6,"minecraft:oak_planks":27,"minecraft:white_candle":10,"minecraft:polished_deepslate_stairs":14,"stalwart_dungeons:diamond_hammer":1,"minecraft:deepslate_tiles":2,"graveyard:spruce_coffin":15,"minecraft:spruce_planks":8,"minecraft:chainmail_boots":1,"minecraft:spruce_log":18,"graveyard:sarcophagus":10,"graveyard:dark_iron_bars":2},"minecraft:crafted":{"minecraft:raw_iron":18,"minecraft:iron_nugget":18,"minecraft:flint_and_steel":1,"minecraft:stone_pickaxe":3,"minecraft:chest":5,"sophisticatedbackpacks:iron_backpack":1,"create:andesite_alloy":9,"minecraft:emerald":3,"sophisticatedbackpacks:backpack":1,"minecraft:diamond_axe":1,"minecraft:crafting_table":1,"minecraft:spruce_planks":160,"minecraft:baked_potato":74,"minecraft:wooden_pickaxe":3,"sophisticatedbackpacks:gold_backpack":1,"minecraft:bucket":1,"minecraft:stone_axe":1,"minecraft:bread":4,"minecraft:air":0,"minecraft:iron_chestplate":1,"minecraft:charcoal":3,"minecraft:shield":1,"minecraft:stick":140,"sophisticatedbackpacks:diamond_backpack":1,"minecraft:iron_ingot":92,"minecraft:wooden_axe":1,"minecraft:iron_leggings":1,"minecraft:gold_ingot":17,"minecraft:torch":112},"minecraft:picked_up":{"minecraft:crafting_table":3,"minecraft:coarse_dirt":1,"minecraft:creeper_head":1,"minecraft:chainmail_boots":2,"minecraft:flower_pot":1,"minecraft:ladder":67,"minecraft:clay_ball":4,"graveyard:dark_iron_ingot":10,"minecraft:brown_mushroom":1,"minecraft:wither_rose":8,"minecraft:enchanted_book":8,"minecraft:amethyst_block":21,"iceandfire:armor_silver_metal_chestplate":1,"minecraft:polished_deepslate":4,"minecraft:string":2,"minecraft:raw_copper":45,"minecraft:iron_axe":2,"minecraft:cooked_salmon":9,"graveyard:sarcophagus":10,"artifacts:fire_gauntlet":1,"minecraft:blackstone":9,"graveyard:corruption":63,"minecraft:cobbled_deepslate":103,"minecraft:deepslate_tiles":6,"minecraft:candle":4,"minecraft:gold_nugget":9,"minecraft:spruce_planks":1,"minecraft:calcite":8,"minecraft:lectern":1,"minecraft:iron_pickaxe":5,"minecraft:enchanted_golden_apple":2,"minecraft:chest":3,"minecraft:furnace":2,"minecraft:stick":4,"minecraft:raw_iron":145,"minecraft:polished_deepslate_slab":6,"minecraft:copper_ingot":27,"minecraft:polished_deepslate_stairs":20,"minecraft:torch":58,"minecraft:diorite":4,"minecraft:pointed_dripstone":8,"graveyard:dark_iron_bars":2,"minecraft:carrot":1,"alexsmobs:centipede_leg":2,"minecraft:arrow":6,"minecraft:rotten_flesh":45,"minecraft:deepslate_bricks":3,"minecraft:hay_block":2,"graveyard:warped_coffin":2,"create:asurine":74,"minecraft:gold_ingot":11,"minecraft:iron_bars":1,"minecraft:snowball":74,"minecraft:skeleton_skull":2,"minecraft:cobblestone":299,"minecraft:cracked_deepslate_tiles":4,"minecraft:oxidized_copper":5,"minecraft:glow_ink_sac":5,"minecraft:andesite":165,"betterend:diamond_hammer":1,"croptopia:glowing_calamari":4,"minecraft:potato":61,"minecraft:flint":2,"graveyard:spruce_coffin":15,"stalwart_dungeons:diamond_hammer":1,"minecraft:gunpowder":69,"minecraft:dirt":26,"minecraft:blue_bed":2,"iceandfire:dragonbone_sword_ice":1,"minecraft:bone":274,"minecraft:cobbled_deepslate_wall":2,"minecraft:raw_gold":32,"iceandfire:armor_silver_metal_helmet":1,"minecraft:iron_ingot":24,"minecraft:cobweb":329,"minecraft:fletching_table":1,"minecraft:iron_sword":3,"minecraft:oak_planks":16,"minecraft:book":65,"minecraft:smooth_basalt":7,"minecraft:black_candle":6,"minecraft:raw_iron_block":2,"minecraft:dripstone_block":17,"minecraft:gravel":4,"minecraft:jungle_planks":1,"minecraft:amethyst_shard":46,"minecraft:spruce_sapling":10,"minecraft:blast_furnace":1,"minecraft:spruce_log":156,"minecraft:loom":1,"minecraft:white_candle":10,"minecraft:diamond":22,"minecraft:bone_meal":64,"minecraft:golden_apple":1,"minecraft:emerald":18,"alexsmobs:maggot":2,"minecraft:rooted_dirt":1,"minecraft:baked_potato":4,"iceandfire:raw_silver":6,"minecraft:coal":109,"minecraft:ender_pearl":7},"minecraft:killed":{"graveyard:corrupted_vindicator":30,"graveyard:wraith":6,"minecraft:skeleton":8,"graveyard:acolyte":23,"artifacts:mimic":1,"minecraft:creeper":1,"minecraft:zombie":11,"graveyard:corrupted_pillager":11},"minecraft:broken":{"minecraft:wooden_pickaxe":1,"minecraft:stone_pickaxe":1,"minecraft:iron_axe":1,"minecraft:iron_sword":2},"minecraft:used":{"minecraft:iron_shovel":16,"minecraft:flint_and_steel":3,"croptopia:glowing_calamari":2,"minecraft:ladder":67,"minecraft:chest":7,"minecraft:shield":17,"minecraft:iron_sword":190,"minecraft:cooked_salmon":9,"simpletomb:grave_key":18,"minecraft:iron_chestplate":1,"minecraft:torch":84,"minecraft:dirt":6,"betterend:diamond_hammer":1,"minecraft:cracked_deepslate_tiles":2,"minecraft:snowball":16,"minecraft:polished_deepslate_stairs":5,"minecraft:wooden_axe":46,"minecraft:iron_axe":59,"stalwart_dungeons:diamond_hammer":159,"minecraft:bow":35,"minecraft:golden_carrot":11,"minecraft:furnace":1,"minecraft:cobbled_deepslate":20,"minecraft:iron_leggings":1,"sophisticatedbackpacks:gold_backpack":2,"minecraft:water_bucket":8,"minecraft:stone_pickaxe":140,"minecraft:baked_potato":7,"minecraft:oak_planks":8,"minecraft:wooden_pickaxe":117,"minecraft:blue_bed":2,"minecraft:diamond_axe":146,"minecraft:fletching_table":1,"minecraft:deepslate_bricks":2,"minecraft:golden_apple":1,"minecraft:polished_deepslate_slab":1,"minecraft:crafting_table":4,"minecraft:blast_furnace":1,"minecraft:spruce_log":30,"minecraft:flower_pot":1,"minecraft:bread":7,"minecraft:iron_pickaxe":512,"minecraft:spruce_sapling":8,"minecraft:stone_axe":30,"minecraft:diamond_sword":20,"minecraft:cobblestone":100,"minecraft:chainmail_boots":1,"minecraft:bucket":9,"alexsmobs:animal_dictionary":2,"minecraft:coarse_dirt":1,"minecraft:cobweb":19},"minecraft:custom":{"minecraft:interact_with_anvil":4,"minecraft:mob_kills":93,"minecraft:interact_with_crafting_table":41,"minecraft:open_barrel":22,"minecraft:interact_with_campfire":9,"minecraft:bell_ring":1,"minecraft:leave_game":6,"minecraft:time_since_death":96215,"minecraft:climb_one_cm":21472,"minecraft:sprint_one_cm":69966,"minecraft:walk_one_cm":1211915,"minecraft:damage_blocked_by_shield":787,"minecraft:drop":138,"minecraft:damage_dealt_absorbed":10,"minecraft:talked_to_villager":10,"minecraft:play_time":268390,"minecraft:deaths":14,"minecraft:sneak_time":11509,"minecraft:walk_under_water_one_cm":4951,"minecraft:interact_with_lectern":3,"minecraft:interact_with_brewingstand":4,"minecraft:jump":1810,"minecraft:interact_with_blast_furnace":19,"minecraft:walk_on_water_one_cm":4487,"minecraft:total_world_time":268390,"minecraft:interact_with_furnace":40,"minecraft:traded_with_villager":3,"minecraft:interact_with_cartography_table":1,"minecraft:interact_with_loom":3,"minecraft:sleep_in_bed":10,"minecraft:time_since_rest":17514,"minecraft:damage_taken":6337,"minecraft:damage_absorbed":40,"minecraft:damage_dealt":17770,"minecraft:fly_one_cm":178823,"minecraft:open_chest":215,"minecraft:crouch_one_cm":20243,"minecraft:interact_with_smoker":35,"minecraft:fall_one_cm":47736}},"DataVersion":3465}