{"stats":{"minecraft:killed":{"undead_revamp2:thewolf":1,"minecraft:skeleton":14,"minecraft:chicken":13,"minecraft:magma_cube":1,"minecraft:pig":1,"minecraft:creeper":1,"minecraft:sheep":3,"minecraft:zombie":12,"minecraft:cow":4,"minecraft:blaze":17,"undead_revamp2:thehunter":1,"undead_revamp2:thegliter":1,"undead_revamp2:bomber":2,"iceandfire:fire_dragon":1,"undead_revamp2:thebidy":1,"undead_revamp2:sucker":1,"undead_revamp2:thesomnolence":4,"iceandfire:ghost":1,"minecraft:wither_skeleton":28},"minecraft:picked_up":{"minecraft:iron_chestplate":1,"minecraft:wheat":1,"minecraft:nether_brick_fence":4,"minecraft:oak_stairs":1,"minecraft:potion":2,"minecraft:wither_rose":1,"minecraft:enchanted_book":3,"minecraft:nether_brick":6,"minecraft:amethyst_block":6,"iceandfire:manuscript":3,"minecraft:string":51,"minecraft:raw_copper":89,"minecraft:red_nether_bricks":14,"minecraft:gold_nugget":745,"minecraft:cobbled_deepslate":406,"minecraft:calcite":21,"minecraft:coal_block":1,"minecraft:iron_boots":1,"minecraft:stick":11,"iceandfire:ghost_chest":3,"minecraft:big_dripleaf":4,"minecraft:torch":24,"minecraft:porkchop":3,"minecraft:diorite":4,"mob_grinding_utils:rotten_egg":1,"minecraft:stone_sword":3,"minecraft:rotten_flesh":14,"minecraft:tropical_fish":3,"create:asurine":9,"minecraft:blaze_rod":6,"minecraft:obsidian":2,"undead_revamp2:arapholia":3,"minecraft:blaze_powder":3,"minecraft:cobblestone":164,"minecraft:birch_log":98,"minecraft:magma_block":18,"minecraft:feather":19,"minecraft:magma_cream":1,"minecraft:andesite":16,"minecraft:dark_oak_boat":1,"minecraft:smoker":1,"minecraft:potato":4,"minecraft:flint":5,"minecraft:tuff":20,"minecraft:wither_skeleton_skull":1,"minecraft:lapis_lazuli":16,"minecraft:dirt":74,"minecraft:lantern":1,"minecraft:name_tag":1,"minecraft:leather_boots":1,"minecraft:bone":56,"minecraft:wheat_seeds":12,"minecraft:raw_gold":43,"minecraft:glowstone_dust":47,"minecraft:fletching_table":1,"tacz:gun_smith_table":2,"minecraft:moss_block":4,"minecraft:cooked_porkchop":11,"minecraft:warped_wart_block":7,"minecraft:sand":64,"scalinghealth:enchanted_heart":2,"minecraft:nether_brick_stairs":7,"minecraft:spectral_arrow":46,"minecraft:dark_oak_log":18,"minecraft:mossy_cobblestone":1,"minecraft:diamond":11,"iceandfire:dragonbone_sword_fire":1,"enchantinginfuser:enchanting_infuser":1,"minecraft:granite":5,"minecraft:bone_meal":18,"iceandfire:tide_trident":1,"minecraft:netherrack":961,"minecraft:crafting_table":5,"iceandfire:witherbone":8,"minecraft:azure_bluet":4,"minecraft:chicken":13,"minecraft:nether_wart":38,"minecraft:clay_ball":36,"minecraft:gold_block":2,"minecraft:red_bed":18,"minecraft:moss_carpet":3,"tacz:ammo":540,"minecraft:blackstone":92,"minecraft:beef":6,"minecraft:iron_nugget":23,"minecraft:sugar_cane":24,"minecraft:birch_sapling":32,"minecraft:raw_iron":87,"artifacts:charm_of_sinking":1,"minecraft:copper_ingot":1,"minecraft:bowl":3,"minecraft:fire_charge":3,"minecraft:carrot":8,"minecraft:redstone":29,"minecraft:dark_oak_planks":6,"minecraft:tnt":27,"minecraft:arrow":12,"minecraft:nether_bricks":6,"minecraft:hay_block":96,"minecraft:gold_ingot":12,"minecraft:glow_berries":2,"minecraft:mutton":6,"minecraft:skeleton_skull":3,"minecraft:white_wool":3,"minecraft:stripped_oak_log":4,"iceandfire:sea_serpent_fang":8,"minecraft:leather":42,"minecraft:birch_planks":8,"minecraft:oak_log":9,"minecraft:ancient_debris":72,"minecraft:gunpowder":1,"simpletomb:grave_key":4,"scalinghealth:heart_crystal":10,"minecraft:red_carpet":9,"minecraft:red_nether_brick_stairs":5,"minecraft:iron_ingot":6,"minecraft:cobweb":4,"scalinghealth:power_crystal_shard":6,"minecraft:soul_sand":39,"iceandfire:fire_dragon_flesh":4,"minecraft:book":39,"minecraft:smooth_basalt":3,"scalinghealth:heart_crystal_shard":18,"minecraft:warped_fungus":1,"minecraft:birch_boat":5,"minecraft:pumpkin":4,"iceandfire:sea_serpent_scales_green":2,"minecraft:quartz":41,"minecraft:cracked_nether_bricks":1,"minecraft:gravel":32,"minecraft:amethyst_shard":28,"minecraft:spruce_sapling":4,"minecraft:white_bed":3,"minecraft:spruce_log":18,"minecraft:nether_brick_slab":5,"minecraft:crying_obsidian":14,"minecraft:spider_eye":2,"minecraft:slime_ball":1,"tacz:modern_kinetic_gun":2,"minecraft:warped_roots":2,"minecraft:coal":96,"minecraft:ender_pearl":6},"minecraft:mined":{"minecraft:dark_oak_planks":6,"minecraft:large_amethyst_bud":1,"minecraft:white_bed":3,"minecraft:red_nether_bricks":15,"minecraft:cave_vines_plant":1,"minecraft:granite":5,"minecraft:grass_block":30,"minecraft:coal_block":4,"tacz:gun_smith_table":2,"minecraft:nether_wart":20,"minecraft:magma_block":18,"minecraft:glowstone":18,"minecraft:red_nether_brick_stairs":12,"minecraft:iron_ore":69,"minecraft:cobbled_deepslate":9,"minecraft:fire":36,"minecraft:pumpkin":4,"minecraft:moss_carpet":3,"minecraft:fletching_table":1,"minecraft:nether_brick_stairs":7,"create:asurine":9,"minecraft:cave_vines":3,"iceandfire:gold_pile":70,"minecraft:oak_stairs":1,"minecraft:deepslate_redstone_ore":6,"minecraft:red_bed":18,"minecraft:blackstone":64,"minecraft:smoker":1,"minecraft:amethyst_cluster":7,"scalinghealth:deepslate_heart_crystal_ore":1,"minecraft:clay":11,"minecraft:torch":10,"minecraft:calcite":21,"iceandfire:ghost_chest":3,"minecraft:nether_brick_slab":5,"minecraft:nether_quartz_ore":34,"minecraft:cobblestone":24,"minecraft:sugar_cane":10,"minecraft:wall_torch":11,"minecraft:amethyst_block":6,"minecraft:skeleton_skull":2,"minecraft:warped_nylium":8,"minecraft:birch_log":98,"minecraft:tnt":28,"minecraft:warped_fungus":1,"minecraft:wither_rose":1,"minecraft:grass":32,"minecraft:oak_log":3,"minecraft:sand":64,"minecraft:dirt":30,"minecraft:smooth_basalt":3,"minecraft:netherrack":1805,"minecraft:ancient_debris":72,"minecraft:deepslate":407,"minecraft:crying_obsidian":13,"minecraft:red_carpet":7,"minecraft:tuff":23,"minecraft:mossy_cobblestone":1,"minecraft:deepslate_diamond_ore":11,"enchantinginfuser:enchanting_infuser":1,"minecraft:dark_oak_log":18,"minecraft:glow_lichen":1,"minecraft:nether_bricks":7,"minecraft:spruce_leaves":40,"minecraft:moss_block":8,"minecraft:cracked_nether_bricks":1,"minecraft:hay_block":97,"minecraft:andesite":16,"minecraft:gold_block":2,"minecraft:big_dripleaf_stem":1,"minecraft:nether_brick_fence":4,"minecraft:bookshelf":13,"minecraft:deepslate_iron_ore":8,"minecraft:vine":1,"minecraft:stripped_oak_log":4,"minecraft:stone":204,"minecraft:soul_sand":24,"minecraft:crafting_table":6,"minecraft:warped_roots":2,"minecraft:tall_grass":12,"minecraft:copper_ore":21,"minecraft:lapis_ore":2,"minecraft:deepslate_gold_ore":26,"minecraft:diorite":4,"minecraft:big_dripleaf":1,"minecraft:warped_wart_block":7,"minecraft:spruce_log":10,"minecraft:coal_ore":70,"minecraft:gravel":25,"minecraft:cobweb":6,"minecraft:gold_ore":4},"minecraft:custom":{"minecraft:interact_with_crafting_table":67,"minecraft:open_barrel":65,"goblintraders:trade_with_goblin":140,"minecraft:leave_game":5,"minecraft:time_since_death":224513,"minecraft:sprint_one_cm":486238,"minecraft:damage_blocked_by_shield":1000,"minecraft:drop":98,"minecraft:talked_to_villager":23,"minecraft:play_time":513370,"minecraft:deaths":9,"minecraft:jump":6301,"minecraft:interact_with_brewingstand":12,"minecraft:walk_on_water_one_cm":48248,"minecraft:enchant_item":3,"minecraft:interact_with_furnace":13,"minecraft:traded_with_villager":55,"minecraft:sleep_in_bed":22,"minecraft:damage_dealt":11647,"minecraft:crouch_one_cm":33298,"minecraft:interact_with_smoker":1,"minecraft:interact_with_anvil":3,"minecraft:mob_kills":130,"minecraft:damage_dealt_resisted":78,"minecraft:climb_one_cm":9958,"minecraft:walk_one_cm":2154014,"minecraft:sneak_time":13021,"minecraft:walk_under_water_one_cm":63179,"minecraft:boat_one_cm":291408,"minecraft:total_world_time":513370,"minecraft:time_since_rest":26527,"minecraft:damage_taken":10532,"minecraft:damage_absorbed":40,"minecraft:trigger_trapped_chest":2,"minecraft:swim_one_cm":50973,"minecraft:fly_one_cm":684249,"minecraft:open_chest":418,"minecraft:fall_one_cm":100823},"minecraft:dropped":{"minecraft:nether_brick_stairs":7,"minecraft:iron_sword":1,"minecraft:birch_planks":8,"minecraft:glow_berries":1,"minecraft:dirt":14,"minecraft:dark_oak_log":10,"minecraft:gold_ingot":44,"minecraft:blackstone":64,"minecraft:sugar_cane":3,"minecraft:nether_brick":6,"minecraft:wheat":253,"minecraft:rotten_flesh":1,"create:asurine":9,"minecraft:azure_bluet":2,"minecraft:carrot":5,"minecraft:leather_boots":1,"minecraft:red_nether_bricks":10,"minecraft:cracked_nether_bricks":1,"minecraft:netherrack":578,"minecraft:wheat_seeds":1,"simpletomb:grave_key":4,"iceandfire:sea_serpent_scales_green":2,"scalinghealth:heart_crystal":2,"minecraft:wooden_axe":1,"minecraft:iron_leggings":1,"tacz:modern_kinetic_gun":1,"minecraft:string":1,"minecraft:nether_brick_slab":5,"minecraft:stone_sword":3,"minecraft:bowl":1,"iceandfire:witherbone":6,"minecraft:nether_bricks":6,"minecraft:suspicious_stew":1,"minecraft:red_nether_brick_stairs":5,"minecraft:iron_chestplate":1,"iceandfire:sea_serpent_fang":8},"minecraft:broken":{"minecraft:iron_boots":1,"minecraft:golden_leggings":1,"minecraft:iron_sword":1,"minecraft:wooden_axe":2,"minecraft:iron_pickaxe":6,"minecraft:iron_helmet":1},"minecraft:crafted":{"minecraft:oak_planks":12,"mob_grinding_utils:gm_chicken_feed_cursed":1,"minecraft:blaze_powder":2,"minecraft:birch_boat":1,"minecraft:cooked_chicken":6,"minecraft:lever":1,"mob_grinding_utils:tank":1,"minecraft:bookshelf":15,"minecraft:suspicious_stew":9,"minecraft:iron_bars":16,"minecraft:glass":64,"minecraft:hopper":1,"minecraft:diamond_helmet":1,"minecraft:diamond_leggings":1,"minecraft:iron_boots":1,"minecraft:chest":3,"minecraft:ender_eye":2,"minecraft:glass_bottle":6,"sophisticatedbackpacks:backpack":1,"minecraft:emerald":39,"enchantinginfuser:enchanting_infuser":1,"minecraft:crafting_table":3,"tacz:ammo_box":1,"minecraft:iron_helmet":2,"minecraft:copper_ingot":68,"minecraft:birch_planks":328,"minecraft:brewing_stand":2,"sophisticatedbackpacks:upgrade_base":1,"enchantinginfuser:advanced_enchanting_infuser":1,"minecraft:iron_chestplate":1,"minecraft:book":7,"minecraft:paper":21,"minecraft:diamond_pickaxe":2,"minecraft:shield":1,"minecraft:stick":36,"minecraft:iron_ingot":102,"minecraft:iron_pickaxe":4,"minecraft:iron_block":1,"minecraft:gold_ingot":145,"minecraft:netherite_ingot":22,"minecraft:cookie":108,"minecraft:furnace":1,"minecraft:diamond_boots":1,"minecraft:netherite_scrap":90,"minecraft:dark_oak_planks":32,"minecraft:wheat":864,"sophisticatedbackpacks:iron_backpack":1,"minecraft:enchanting_table":1,"tacz:gun_smith_table":1,"sophisticatedbackpacks:gold_backpack":1,"scalinghealth:heart_crystal":1,"minecraft:bucket":4,"mob_grinding_utils:xp_tap":1,"minecraft:bread":12,"minecraft:air":0,"mob_grinding_utils:tank_sink":1,"minecraft:flint":2,"minecraft:gunpowder":34,"minecraft:wooden_axe":3,"minecraft:iron_shovel":1,"minecraft:iron_leggings":2,"minecraft:white_bed":1,"minecraft:pumpkin_pie":32,"minecraft:torch":108,"minecraft:diamond_chestplate":1},"minecraft:used":{"minecraft:moss_block":3,"minecraft:moss_carpet":2,"minecraft:nether_brick_fence":2,"minecraft:iron_shovel":209,"minecraft:chest":2,"minecraft:shield":11,"minecraft:iron_sword":254,"minecraft:iron_chestplate":3,"minecraft:mutton":6,"minecraft:carrot":8,"minecraft:axolotl_bucket":1,"enchantinginfuser:advanced_enchanting_infuser":1,"minecraft:obsidian":10,"minecraft:big_dripleaf":1,"minecraft:lantern":1,"iceandfire:ghost_chest":2,"minecraft:iron_helmet":2,"mob_grinding_utils:tank_sink":1,"minecraft:red_carpet":9,"minecraft:bow":29,"minecraft:dark_oak_boat":1,"minecraft:furnace":1,"minecraft:diorite":2,"mob_grinding_utils:xp_tap":1,"minecraft:cookie":108,"minecraft:golden_apple":1,"minecraft:lever":1,"sophisticatedbackpacks:backpack":1,"scalinghealth:enchanted_heart":2,"minecraft:bread":31,"minecraft:string":1,"mob_grinding_utils:fluid_xp_bucket":1,"minecraft:andesite":1,"minecraft:experience_bottle":1,"minecraft:flint_and_steel":2,"tacz:gun_smith_table":3,"minecraft:cooked_chicken":5,"minecraft:netherrack":350,"simpletomb:grave_key":8,"minecraft:torch":194,"minecraft:brewing_stand":2,"minecraft:dirt":29,"scalinghealth:heart_crystal":8,"minecraft:granite":2,"minecraft:dark_oak_planks":15,"minecraft:wooden_axe":161,"minecraft:bookshelf":15,"minecraft:oak_stairs":1,"minecraft:iron_boots":1,"undead_revamp2:arapholia":2,"minecraft:cobbled_deepslate":138,"minecraft:iron_leggings":4,"minecraft:calcite":9,"minecraft:cooked_mutton":13,"minecraft:water_bucket":24,"iceandfire:fire_dragon_flesh":1,"minecraft:amethyst_block":6,"minecraft:glass_bottle":9,"minecraft:red_nether_bricks":4,"minecraft:birch_boat":5,"minecraft:crafting_table":7,"minecraft:white_bed":4,"minecraft:smoker":1,"minecraft:diamond_pickaxe":1594,"iceandfire:dragonbone_sword_fire":6,"minecraft:iron_pickaxe":1511,"minecraft:suspicious_stew":1,"minecraft:golden_leggings":3,"enchantinginfuser:enchanting_infuser":1,"minecraft:cobblestone":102,"minecraft:potion":5,"minecraft:cooked_porkchop":28,"minecraft:bucket":27,"minecraft:pumpkin_pie":32}},"DataVersion":3465}