{"stats":{"minecraft:custom":{"minecraft:interact_with_anvil":1,"minecraft:mob_kills":105,"minecraft:interact_with_crafting_table":42,"minecraft:open_barrel":64,"goblintraders:trade_with_goblin":92,"minecraft:damage_dealt_resisted":36,"minecraft:leave_game":3,"minecraft:time_since_death":5664,"minecraft:climb_one_cm":5552,"minecraft:sprint_one_cm":301364,"minecraft:walk_one_cm":1232347,"minecraft:damage_blocked_by_shield":1000,"minecraft:drop":63,"minecraft:talked_to_villager":3,"minecraft:play_time":294521,"minecraft:sneak_time":10300,"minecraft:deaths":9,"minecraft:walk_under_water_one_cm":41819,"minecraft:boat_one_cm":67750,"minecraft:jump":4423,"minecraft:walk_on_water_one_cm":34850,"minecraft:total_world_time":294521,"minecraft:interact_with_furnace":7,"minecraft:sleep_in_bed":12,"minecraft:time_since_rest":5696,"minecraft:damage_taken":7644,"minecraft:damage_absorbed":40,"minecraft:trigger_trapped_chest":2,"minecraft:damage_dealt":9059,"minecraft:swim_one_cm":40077,"minecraft:fly_one_cm":433574,"minecraft:open_chest":170,"minecraft:crouch_one_cm":24958,"minecraft:interact_with_smoker":1,"minecraft:fall_one_cm":58420},"minecraft:used":{"minecraft:moss_carpet":2,"minecraft:moss_block":3,"minecraft:nether_brick_fence":2,"minecraft:iron_shovel":122,"minecraft:flint_and_steel":2,"tacz:gun_smith_table":3,"minecraft:chest":2,"minecraft:shield":11,"minecraft:iron_sword":199,"minecraft:cooked_chicken":5,"minecraft:netherrack":98,"simpletomb:grave_key":8,"minecraft:iron_chestplate":1,"minecraft:torch":188,"minecraft:dirt":29,"minecraft:mutton":6,"scalinghealth:heart_crystal":3,"minecraft:carrot":8,"minecraft:axolotl_bucket":1,"minecraft:granite":2,"minecraft:obsidian":10,"minecraft:big_dripleaf":1,"minecraft:dark_oak_planks":15,"minecraft:wooden_axe":124,"minecraft:bookshelf":15,"minecraft:oak_stairs":1,"iceandfire:ghost_chest":2,"minecraft:iron_helmet":1,"minecraft:iron_boots":1,"minecraft:bow":29,"minecraft:furnace":1,"undead_revamp2:arapholia":2,"minecraft:cobbled_deepslate":138,"minecraft:iron_leggings":3,"minecraft:calcite":9,"minecraft:cooked_mutton":13,"battle_allays:chestinchest":1,"minecraft:water_bucket":9,"minecraft:diorite":1,"minecraft:amethyst_block":6,"minecraft:birch_boat":4,"minecraft:golden_apple":1,"minecraft:crafting_table":6,"minecraft:white_bed":4,"minecraft:smoker":1,"minecraft:diamond_pickaxe":16,"minecraft:bread":11,"minecraft:iron_pickaxe":1119,"minecraft:golden_leggings":3,"enchantinginfuser:enchanting_infuser":1,"minecraft:potion":2,"minecraft:cobblestone":99,"minecraft:cooked_porkchop":11,"minecraft:andesite":1,"minecraft:bucket":11},"minecraft:killed":{"undead_revamp2:thewolf":1,"undead_revamp2:thegliter":1,"battle_allays:void_vex":1,"minecraft:skeleton":10,"battle_allays:vexswordsman":3,"minecraft:chicken":13,"undead_revamp2:sucker":1,"battle_allays:shadowofvex":8,"minecraft:magma_cube":1,"minecraft:pig":1,"battle_allays:shadowvex":2,"minecraft:sheep":3,"undead_revamp2:thesomnolence":1,"minecraft:zombie":9,"iceandfire:ghost":1,"minecraft:wither_skeleton":27,"minecraft:blaze":16,"minecraft:cow":4},"minecraft:crafted":{"minecraft:cooked_chicken":6,"minecraft:birch_boat":1,"minecraft:furnace":1,"minecraft:bookshelf":15,"minecraft:chest":3,"minecraft:dark_oak_planks":32,"sophisticatedbackpacks:iron_backpack":1,"minecraft:emerald":4,"sophisticatedbackpacks:backpack":1,"enchantinginfuser:enchanting_infuser":1,"minecraft:crafting_table":2,"minecraft:enchanting_table":1,"tacz:ammo_box":1,"minecraft:iron_helmet":1,"tacz:gun_smith_table":1,"minecraft:copper_ingot":60,"sophisticatedbackpacks:gold_backpack":1,"scalinghealth:heart_crystal":1,"minecraft:bucket":1,"minecraft:birch_planks":328,"minecraft:air":0,"minecraft:book":7,"minecraft:paper":21,"minecraft:diamond_pickaxe":1,"minecraft:shield":1,"minecraft:stick":32,"minecraft:flint":2,"minecraft:gunpowder":34,"minecraft:iron_ingot":78,"minecraft:iron_pickaxe":4,"minecraft:wooden_axe":2,"minecraft:iron_block":1,"minecraft:iron_shovel":1,"minecraft:iron_leggings":1,"minecraft:gold_ingot":99,"minecraft:white_bed":1,"minecraft:torch":108},"minecraft:dropped":{"minecraft:iron_sword":1,"minecraft:birch_planks":8,"simpletomb:grave_key":4,"minecraft:glow_berries":1,"minecraft:dirt":14,"scalinghealth:heart_crystal":2,"minecraft:gold_ingot":44,"minecraft:sugar_cane":3,"minecraft:stone_sword":3,"minecraft:nether_brick":6,"iceandfire:witherbone":6,"create:asurine":9,"minecraft:azure_bluet":2,"minecraft:carrot":5},"minecraft:mined":{"minecraft:dark_oak_planks":6,"minecraft:crying_obsidian":13,"minecraft:large_amethyst_bud":1,"minecraft:tuff":23,"minecraft:white_bed":3,"minecraft:mossy_cobblestone":1,"minecraft:deepslate_diamond_ore":11,"minecraft:dark_oak_log":8,"minecraft:cave_vines_plant":1,"minecraft:granite":3,"minecraft:grass_block":30,"minecraft:coal_block":4,"minecraft:moss_block":8,"tacz:gun_smith_table":2,"minecraft:nether_wart":20,"minecraft:hay_block":1,"minecraft:glowstone":18,"minecraft:iron_ore":66,"minecraft:fire":34,"minecraft:cobbled_deepslate":9,"minecraft:andesite":16,"minecraft:moss_carpet":3,"minecraft:pumpkin":4,"minecraft:fletching_table":1,"minecraft:big_dripleaf_stem":1,"minecraft:gold_block":2,"minecraft:nether_brick_fence":2,"create:asurine":9,"minecraft:bookshelf":13,"iceandfire:gold_pile":56,"minecraft:cave_vines":3,"minecraft:deepslate_iron_ore":3,"minecraft:vine":1,"minecraft:oak_stairs":1,"minecraft:stripped_oak_log":4,"minecraft:stone":201,"minecraft:deepslate_redstone_ore":6,"minecraft:soul_sand":24,"minecraft:smoker":1,"minecraft:amethyst_cluster":7,"minecraft:clay":11,"minecraft:crafting_table":5,"minecraft:torch":10,"minecraft:calcite":21,"iceandfire:ghost_chest":3,"minecraft:warped_roots":2,"minecraft:nether_quartz_ore":31,"minecraft:copper_ore":19,"minecraft:tall_grass":12,"minecraft:cobblestone":23,"minecraft:deepslate_gold_ore":21,"minecraft:sugar_cane":10,"minecraft:diorite":1,"minecraft:big_dripleaf":1,"minecraft:wall_torch":10,"minecraft:amethyst_block":6,"minecraft:warped_wart_block":7,"minecraft:skeleton_skull":2,"minecraft:warped_nylium":8,"minecraft:birch_log":98,"minecraft:warped_fungus":1,"minecraft:tnt":5,"minecraft:wither_rose":1,"minecraft:grass":31,"minecraft:coal_ore":70,"minecraft:gravel":1,"minecraft:dirt":30,"minecraft:cobweb":2,"minecraft:smooth_basalt":3,"minecraft:netherrack":104,"minecraft:deepslate":403},"minecraft:broken":{"minecraft:golden_leggings":1,"minecraft:iron_pickaxe":4,"minecraft:iron_helmet":1,"minecraft:wooden_axe":2},"minecraft:picked_up":{"minecraft:crafting_table":4,"minecraft:azure_bluet":4,"minecraft:nether_brick_fence":2,"iceandfire:witherbone":8,"minecraft:chicken":13,"minecraft:nether_wart":38,"minecraft:clay_ball":36,"minecraft:oak_stairs":1,"minecraft:wither_rose":1,"minecraft:potion":2,"minecraft:gold_block":2,"minecraft:enchanted_book":3,"minecraft:nether_brick":6,"minecraft:amethyst_block":6,"iceandfire:manuscript":3,"battle_allays:chestinchest":1,"minecraft:string":48,"minecraft:moss_carpet":3,"minecraft:raw_copper":75,"tacz:ammo":360,"minecraft:blackstone":28,"minecraft:gold_nugget":625,"minecraft:cobbled_deepslate":402,"minecraft:beef":6,"minecraft:calcite":21,"minecraft:iron_nugget":23,"minecraft:coal_block":1,"minecraft:sugar_cane":24,"minecraft:birch_sapling":32,"minecraft:iron_boots":1,"minecraft:stick":11,"minecraft:raw_iron":69,"iceandfire:ghost_chest":3,"minecraft:big_dripleaf":4,"minecraft:copper_ingot":1,"minecraft:torch":23,"minecraft:fire_charge":3,"minecraft:porkchop":3,"minecraft:diorite":1,"minecraft:redstone":29,"minecraft:dark_oak_planks":6,"minecraft:tnt":4,"minecraft:stone_sword":3,"minecraft:arrow":10,"minecraft:rotten_flesh":10,"minecraft:tropical_fish":3,"minecraft:hay_block":1,"create:asurine":9,"minecraft:gold_ingot":12,"minecraft:blaze_powder":3,"minecraft:blaze_rod":6,"minecraft:glow_berries":2,"minecraft:obsidian":2,"minecraft:mutton":6,"undead_revamp2:arapholia":3,"minecraft:skeleton_skull":3,"minecraft:white_wool":3,"minecraft:cobblestone":160,"minecraft:stripped_oak_log":4,"minecraft:birch_log":98,"minecraft:feather":15,"minecraft:magma_cream":1,"minecraft:andesite":16,"minecraft:leather":42,"minecraft:smoker":1,"minecraft:birch_planks":8,"minecraft:tuff":20,"minecraft:wither_skeleton_skull":1,"simpletomb:grave_key":4,"scalinghealth:heart_crystal":7,"minecraft:dirt":74,"minecraft:bone":52,"minecraft:wheat_seeds":8,"minecraft:raw_gold":21,"minecraft:iron_ingot":6,"minecraft:cobweb":4,"scalinghealth:power_crystal_shard":6,"minecraft:fletching_table":1,"minecraft:glowstone_dust":47,"tacz:gun_smith_table":2,"minecraft:moss_block":4,"minecraft:soul_sand":39,"minecraft:book":39,"minecraft:smooth_basalt":3,"scalinghealth:heart_crystal_shard":17,"minecraft:warped_fungus":1,"minecraft:cooked_porkchop":11,"minecraft:birch_boat":3,"minecraft:pumpkin":4,"minecraft:warped_wart_block":7,"minecraft:quartz":38,"minecraft:gravel":11,"minecraft:amethyst_shard":28,"minecraft:white_bed":3,"minecraft:crying_obsidian":14,"minecraft:spectral_arrow":46,"minecraft:dark_oak_log":8,"minecraft:mossy_cobblestone":1,"minecraft:diamond":11,"tacz:modern_kinetic_gun":1,"minecraft:granite":3,"minecraft:bone_meal":1,"minecraft:warped_roots":2,"minecraft:netherrack":101,"minecraft:coal":96,"minecraft:ender_pearl":6}},"DataVersion":3465}