{"stats":{"minecraft:killed_by":{"mutantmonsters:mutant_skeleton":1},"minecraft:mined":{"minecraft:spruce_planks":5,"minecraft:fire":1,"minecraft:soul_fire":6,"minecraft:spruce_log":61,"minecraft:crafting_table":1,"minecraft:chest":1,"minecraft:smooth_quartz":1,"minecraft:nether_quartz_ore":17,"minecraft:netherrack":2,"minecraft:spruce_leaves":12,"minecraft:blue_bed":1},"minecraft:dropped":{"mutantmonsters:mutant_skeleton_limb":2,"mutantmonsters:mutant_skeleton_skull":1},"minecraft:crafted":{"minecraft:shield":1,"minecraft:crafting_table":1,"minecraft:iron_axe":1,"minecraft:enchanting_table":1,"minecraft:spruce_planks":68,"minecraft:stick":4,"minecraft:baked_potato":23,"minecraft:wooden_axe":1,"minecraft:iron_block":6,"disenchanting:disenchanter":1,"minecraft:diamond_boots":1,"minecraft:anvil":2,"minecraft:air":0},"minecraft:picked_up":{"minecraft:stick":2,"minecraft:crafting_table":1,"minecraft:quartz":17,"minecraft:spruce_sapling":3,"minecraft:golden_boots":1,"minecraft:spruce_log":61,"mutantmonsters:mutant_skeleton_limb":2,"minecraft:blue_bed":1,"iceandfire:dragonbone_pickaxe":1,"mutantmonsters:mutant_skeleton_skull":2,"minecraft:bone":9,"minecraft:arrow":6,"minecraft:rotten_flesh":3,"minecraft:spruce_planks":5,"minecraft:iron_ingot":5,"minecraft:smooth_quartz":1,"minecraft:poppy":1,"minecraft:netherrack":2,"minecraft:chest":1},"minecraft:killed":{"alexsmobs:warped_toad":1,"minecraft:skeleton":3,"minecraft:zombie":2,"minecraft:iron_golem":1},"minecraft:broken":{"minecraft:wooden_axe":1},"minecraft:used":{"minecraft:golden_boots":1,"minecraft:wooden_axe":55,"minecraft:diamond_boots":1,"minecraft:iron_axe":19,"minecraft:baked_potato":11,"minecraft:spruce_planks":5,"minecraft:shield":21,"minecraft:blue_bed":1,"simpletomb:grave_key":1,"minecraft:anvil":1,"minecraft:crafting_table":2,"disenchanting:disenchanter":1,"alexsmobs:animal_dictionary":1,"iceandfire:dragonbone_pickaxe":20},"minecraft:custom":{"minecraft:time_since_rest":4412,"minecraft:waystone_activated":1,"minecraft:interact_with_furnace":3,"minecraft:sprint_one_cm":57232,"minecraft:damage_taken":809,"minecraft:walk_one_cm":91722,"minecraft:damage_blocked_by_shield":795,"minecraft:mob_kills":7,"minecraft:drop":3,"minecraft:damage_dealt":1873,"minecraft:interact_with_crafting_table":11,"minecraft:talked_to_villager":1,"minecraft:fly_one_cm":58742,"minecraft:open_chest":66,"minecraft:deaths":1,"minecraft:crouch_one_cm":350,"minecraft:play_time":35546,"minecraft:interact_with_loom":4,"minecraft:sneak_time":106,"minecraft:jump":337,"minecraft:interact_with_blast_furnace":2,"minecraft:time_since_death":4381,"minecraft:walk_on_water_one_cm":349,"minecraft:sleep_in_bed":1,"minecraft:total_world_time":35546,"minecraft:climb_one_cm":465,"minecraft:interact_with_smoker":3,"minecraft:fall_one_cm":7233}},"DataVersion":3465}