{"stats":{"minecraft:mined":{"minecraft:spruce_planks":5,"minecraft:spruce_log":61,"minecraft:crafting_table":1,"minecraft:chest":1,"minecraft:spruce_leaves":12,"minecraft:blue_bed":1},"minecraft:crafted":{"minecraft:shield":1,"minecraft:crafting_table":1,"minecraft:iron_axe":1,"minecraft:enchanting_table":1,"minecraft:spruce_planks":68,"minecraft:stick":4,"minecraft:baked_potato":23,"minecraft:wooden_axe":1,"minecraft:iron_block":3,"disenchanting:disenchanter":1,"minecraft:anvil":1,"minecraft:air":0},"minecraft:picked_up":{"minecraft:stick":2,"minecraft:crafting_table":1,"minecraft:spruce_sapling":3,"minecraft:golden_boots":1,"minecraft:spruce_log":61,"minecraft:blue_bed":1,"iceandfire:dragonbone_pickaxe":1,"minecraft:rotten_flesh":3,"minecraft:spruce_planks":5,"minecraft:iron_ingot":5,"minecraft:poppy":1,"minecraft:chest":1},"minecraft:killed":{"minecraft:zombie":2,"minecraft:iron_golem":1},"minecraft:broken":{"minecraft:wooden_axe":1},"minecraft:used":{"minecraft:golden_boots":1,"minecraft:wooden_axe":55,"minecraft:iron_axe":8,"minecraft:baked_potato":5,"minecraft:spruce_planks":5,"minecraft:shield":4,"minecraft:blue_bed":1,"minecraft:crafting_table":2,"disenchanting:disenchanter":1,"alexsmobs:animal_dictionary":1},"minecraft:custom":{"minecraft:time_since_rest":6858,"minecraft:waystone_activated":1,"minecraft:interact_with_furnace":3,"minecraft:sprint_one_cm":22566,"minecraft:damage_taken":302,"minecraft:walk_one_cm":44682,"minecraft:damage_blocked_by_shield":90,"minecraft:mob_kills":3,"minecraft:damage_dealt":1250,"minecraft:interact_with_crafting_table":9,"minecraft:talked_to_villager":1,"minecraft:fly_one_cm":22278,"minecraft:open_chest":59,"minecraft:crouch_one_cm":125,"minecraft:play_time":23546,"minecraft:interact_with_loom":4,"minecraft:sneak_time":53,"minecraft:jump":161,"minecraft:interact_with_blast_furnace":2,"minecraft:time_since_death":23546,"minecraft:walk_on_water_one_cm":349,"minecraft:sleep_in_bed":1,"minecraft:total_world_time":23546,"minecraft:climb_one_cm":465,"minecraft:interact_with_smoker":3,"minecraft:fall_one_cm":4544}},"DataVersion":3465}