{"stats":{"minecraft:mined":{"create:deepslate_zinc_ore":9,"minecraft:flowering_azalea":2,"minecraft:white_bed":1,"iceandfire:silver_ore":5,"minecraft:candle":1,"minecraft:deepslate_diamond_ore":18,"minecraft:twisting_vines_plant":3,"minecraft:powder_snow":2,"minecraft:crafting_table":1,"minecraft:cave_vines_plant":29,"minecraft:grass_block":1,"minecraft:tall_grass":2,"minecraft:cobblestone":9,"graveyard:skeleton_hand":1,"minecraft:spruce_leaves":12,"minecraft:deepslate_gold_ore":10,"minecraft:moss_block":6,"minecraft:large_fern":1,"minecraft:carrots":1,"minecraft:stripped_spruce_wood":3,"minecraft:barrel":1,"minecraft:fire":10,"minecraft:iron_ore":1,"minecraft:wheat":3,"minecraft:sweet_berry_bush":4,"minecraft:lilac":3,"minecraft:spruce_log":3,"minecraft:light_gray_wool":1,"minecraft:anvil":1,"minecraft:deepslate_lapis_ore":9,"graveyard:skull_pile":1,"minecraft:grass":15,"minecraft:oak_log":10,"minecraft:potatoes":11,"minecraft:coal_ore":17,"minecraft:cave_vines":73,"minecraft:deepslate_iron_ore":21,"minecraft:flowering_azalea_leaves":4,"minecraft:dirt":2,"graveyard:leaning_skeleton":1,"graveyard:small_cyan_urn":1,"minecraft:azalea_leaves":6,"minecraft:stone":20,"create:veridium":23,"minecraft:gold_ore":3,"minecraft:deepslate":44},"minecraft:killed":{"minecraft:spider":1,"minecraft:iron_golem":2,"naturalist:snail":1,"minecraft:skeleton":3,"minecraft:zombie":11,"minecraft:stray":1,"artifacts:mimic":1},"minecraft:custom":{"minecraft:interact_with_furnace":5,"minecraft:mob_kills":21,"minecraft:interact_with_crafting_table":7,"minecraft:open_barrel":5,"minecraft:interact_with_loom":2,"minecraft:interact_with_campfire":4,"minecraft:leave_game":1,"minecraft:time_since_death":13987,"minecraft:sleep_in_bed":2,"minecraft:climb_one_cm":1053,"minecraft:time_since_rest":14084,"minecraft:sprint_one_cm":209614,"minecraft:damage_taken":2659,"minecraft:walk_one_cm":197289,"minecraft:damage_blocked_by_shield":1665,"minecraft:drop":16,"minecraft:damage_dealt":4977,"minecraft:swim_one_cm":218,"minecraft:fly_one_cm":122964,"minecraft:open_chest":3,"minecraft:crouch_one_cm":2218,"minecraft:play_time":58918,"minecraft:deaths":7,"minecraft:sneak_time":1194,"minecraft:walk_under_water_one_cm":2308,"minecraft:jump":1062,"minecraft:walk_on_water_one_cm":9774,"minecraft:total_world_time":58918,"minecraft:fall_one_cm":29984},"minecraft:crafted":{"minecraft:oak_planks":32,"minecraft:diamond_sword":1,"minecraft:crafting_table":3,"minecraft:spruce_planks":24,"minecraft:wooden_pickaxe":1,"minecraft:baked_potato":8,"minecraft:iron_helmet":1,"minecraft:iron_sword":1,"minecraft:bone_meal":54,"minecraft:air":0,"minecraft:shield":1,"minecraft:stick":20,"minecraft:iron_pickaxe":1,"minecraft:stone_pickaxe":1,"minecraft:stone_sword":1,"minecraft:torch":44},"minecraft:killed_by":{"minecraft:skeleton":2,"artifacts:mimic":1,"graveyard:revenant":1,"alexsmobs:tusklin":1},"minecraft:dropped":{"minecraft:moss_carpet":1,"minecraft:moss_block":1,"minecraft:wheat_seeds":3,"minecraft:lilac":3,"minecraft:stone_sword":1,"minecraft:twisting_vines":2,"simpletomb:grave_key":2,"minecraft:clay_ball":1,"minecraft:big_dripleaf":1,"minecraft:cobweb":3,"minecraft:poppy":2,"graveyard:small_cyan_urn":1,"minecraft:tipped_arrow":1,"minecraft:stone_pickaxe":1,"minecraft:wooden_pickaxe":1},"minecraft:used":{"minecraft:moss_block":2,"minecraft:stone_sword":46,"minecraft:stone_pickaxe":9,"minecraft:baked_potato":11,"minecraft:oak_planks":15,"minecraft:wooden_pickaxe":14,"minecraft:spruce_planks":1,"minecraft:shield":33,"minecraft:iron_sword":64,"minecraft:rotten_flesh":4,"minecraft:glow_berries":16,"simpletomb:grave_key":6,"minecraft:torch":12,"minecraft:dirt":2,"minecraft:crafting_table":4,"minecraft:carrot":1,"minecraft:white_bed":1,"minecraft:iron_pickaxe":196,"minecraft:barrel":1,"minecraft:diamond_sword":19,"minecraft:cobblestone":20,"minecraft:sweet_berries":10,"alexsmobs:animal_dictionary":2,"minecraft:cobbled_deepslate":37,"minecraft:bone_meal":9},"minecraft:picked_up":{"minecraft:crafting_table":1,"minecraft:leather_chestplate":1,"minecraft:anvil":1,"minecraft:lilac":3,"minecraft:clay_ball":15,"minecraft:potato":12,"create:raw_zinc":9,"minecraft:oak_log":8,"minecraft:stripped_spruce_wood":3,"minecraft:gunpowder":3,"simpletomb:grave_key":1,"minecraft:string":2,"minecraft:lapis_lazuli":52,"minecraft:dirt":3,"minecraft:moss_carpet":2,"minecraft:twisting_vines":2,"minecraft:bone":18,"minecraft:wheat_seeds":4,"minecraft:candle":4,"minecraft:cobbled_deepslate":40,"minecraft:raw_gold":13,"minecraft:iron_ingot":11,"minecraft:cobweb":3,"minecraft:azalea":3,"minecraft:poppy":2,"croptopia:roe":2,"minecraft:moss_block":5,"minecraft:flowering_azalea":2,"minecraft:raw_iron":23,"minecraft:tipped_arrow":1,"minecraft:stick":1,"minecraft:sweet_berries":7,"minecraft:big_dripleaf":2,"minecraft:spruce_sapling":2,"minecraft:white_bed":1,"graveyard:small_cyan_urn":1,"minecraft:spruce_log":3,"minecraft:carrot":1,"minecraft:spider_eye":1,"minecraft:barrel":1,"minecraft:arrow":3,"minecraft:rotten_flesh":10,"minecraft:diamond":18,"artifacts:running_shoes":1,"create:veridium":20,"minecraft:baked_potato":4,"minecraft:glow_berries":50,"minecraft:coal":18,"iceandfire:raw_silver":5,"minecraft:cobblestone":29}},"DataVersion":3465}