{"stats":{"minecraft:broken":{"minecraft:shield":1},"minecraft:custom":{"minecraft:mob_kills":32,"minecraft:interact_with_crafting_table":12,"minecraft:open_barrel":6,"minecraft:interact_with_campfire":28,"minecraft:leave_game":2,"minecraft:time_since_death":3099,"minecraft:climb_one_cm":2566,"minecraft:sprint_one_cm":630013,"minecraft:walk_one_cm":437805,"minecraft:damage_blocked_by_shield":4548,"minecraft:drop":37,"minecraft:talked_to_villager":12,"minecraft:play_time":119140,"minecraft:deaths":11,"minecraft:sneak_time":1218,"minecraft:walk_under_water_one_cm":2308,"minecraft:jump":2141,"minecraft:walk_on_water_one_cm":9774,"minecraft:total_world_time":119140,"minecraft:interact_with_furnace":11,"minecraft:interact_with_loom":2,"minecraft:sleep_in_bed":3,"minecraft:time_since_rest":3156,"minecraft:damage_taken":4793,"minecraft:damage_dealt":8439,"minecraft:swim_one_cm":218,"minecraft:fly_one_cm":408111,"minecraft:open_chest":44,"minecraft:crouch_one_cm":2218,"minecraft:fall_one_cm":59347},"minecraft:mined":{"create:deepslate_zinc_ore":9,"minecraft:white_bed":1,"iceandfire:silver_ore":5,"minecraft:deepslate_diamond_ore":18,"minecraft:candle":1,"minecraft:cave_vines_plant":29,"minecraft:grass_block":1,"minecraft:spruce_leaves":15,"minecraft:moss_block":6,"minecraft:nether_wart":19,"minecraft:hay_block":1,"minecraft:large_fern":2,"minecraft:carrots":1,"minecraft:iron_ore":1,"minecraft:fire":10,"minecraft:barrel":1,"minecraft:deepslate_lapis_ore":9,"minecraft:anvil":1,"minecraft:smooth_red_sandstone":3,"minecraft:bookshelf":15,"minecraft:potatoes":11,"minecraft:flowering_azalea_leaves":4,"minecraft:cave_vines":73,"minecraft:deepslate_iron_ore":21,"minecraft:packed_ice":1,"iceandfire:frost_lily":1,"minecraft:azalea_leaves":6,"minecraft:stone":20,"create:veridium":23,"minecraft:green_bed":1,"minecraft:oak_slab":1,"minecraft:flowering_azalea":2,"minecraft:glass_pane":1,"minecraft:twisting_vines_plant":3,"minecraft:powder_snow":5,"minecraft:crafting_table":1,"minecraft:dead_bush":18,"minecraft:campfire":4,"minecraft:tall_grass":2,"minecraft:cobblestone":9,"graveyard:skeleton_hand":1,"minecraft:deepslate_gold_ore":10,"minecraft:sugar_cane":4,"minecraft:stripped_spruce_wood":3,"minecraft:sweet_berry_bush":4,"minecraft:wheat":3,"minecraft:lilac":3,"minecraft:spruce_log":3,"minecraft:light_gray_wool":1,"graveyard:skull_pile":1,"minecraft:grass":21,"minecraft:oak_log":10,"minecraft:coal_ore":18,"minecraft:smooth_quartz":7,"minecraft:dirt":2,"graveyard:leaning_skeleton":1,"graveyard:small_cyan_urn":1,"minecraft:gold_ore":3,"minecraft:deepslate":44,"minecraft:fern":6},"minecraft:picked_up":{"minecraft:charcoal":8,"minecraft:crafting_table":1,"minecraft:nether_wart":54,"minecraft:anvil":1,"minecraft:clay_ball":15,"minecraft:cooked_rabbit":6,"minecraft:string":2,"minecraft:moss_carpet":2,"minecraft:candle":4,"minecraft:cobbled_deepslate":40,"iceandfire:frost_lily":1,"minecraft:azalea":3,"minecraft:poppy":2,"minecraft:smooth_quartz":3,"minecraft:sugar_cane":22,"minecraft:tipped_arrow":2,"minecraft:stick":11,"minecraft:raw_iron":23,"iceandfire:dragonbone":19,"minecraft:big_dripleaf":2,"minecraft:green_bed":1,"minecraft:porkchop":14,"minecraft:carrot":1,"graveyard:small_cyan_urn":1,"iceandfire:dragon_skull_ice":2,"minecraft:cactus":1,"minecraft:arrow":5,"minecraft:rotten_flesh":10,"minecraft:hay_block":1,"artifacts:running_shoes":1,"create:veridium":20,"minecraft:glow_berries":50,"minecraft:snowball":3,"minecraft:cobblestone":29,"minecraft:leather_chestplate":3,"minecraft:lilac":3,"minecraft:smooth_red_sandstone":2,"minecraft:potato":12,"create:raw_zinc":9,"minecraft:stripped_spruce_wood":3,"minecraft:oak_log":8,"minecraft:gunpowder":3,"simpletomb:grave_key":1,"minecraft:dirt":37,"minecraft:lapis_lazuli":52,"minecraft:hanging_roots":1,"minecraft:twisting_vines":2,"minecraft:bone":22,"minecraft:wheat_seeds":4,"minecraft:raw_gold":13,"minecraft:iron_ingot":11,"minecraft:cobweb":3,"minecraft:rabbit":6,"croptopia:roe":4,"minecraft:moss_block":5,"minecraft:flowering_azalea":2,"minecraft:book":45,"minecraft:oak_slab":2,"minecraft:cooked_porkchop":28,"minecraft:sweet_berries":7,"minecraft:spruce_sapling":2,"minecraft:spruce_log":3,"minecraft:white_bed":1,"minecraft:barrel":1,"minecraft:spider_eye":1,"minecraft:diamond":18,"alexsmobs:moose_ribs":6,"minecraft:baked_potato":4,"minecraft:coal":19,"iceandfire:raw_silver":5},"minecraft:crafted":{"minecraft:oak_planks":32,"minecraft:bone_meal":54,"minecraft:diamond_leggings":1,"minecraft:stone_pickaxe":1,"iceandfire:armor_silver_metal_boots":1,"minecraft:diamond_sword":1,"iceandfire:silver_ingot":5,"minecraft:crafting_table":4,"minecraft:spruce_planks":24,"minecraft:wooden_pickaxe":1,"minecraft:baked_potato":8,"minecraft:iron_helmet":1,"minecraft:iron_sword":1,"minecraft:air":0,"minecraft:shield":2,"minecraft:stick":20,"minecraft:iron_pickaxe":1,"minecraft:stone_sword":1,"minecraft:torch":44,"minecraft:diamond_chestplate":1},"minecraft:killed":{"minecraft:spider":1,"naturalist:snail":1,"minecraft:skeleton":4,"alexsmobs:tusklin":4,"artifacts:mimic":1,"minecraft:iron_golem":2,"minecraft:zombie":12,"minecraft:stray":3,"alexsmobs:moose":2},"minecraft:dropped":{"minecraft:candle":4,"minecraft:moss_block":3,"minecraft:wheat_seeds":3,"minecraft:lilac":3,"minecraft:cooked_porkchop":12,"simpletomb:grave_key":2,"minecraft:cobblestone":1,"minecraft:cobweb":3,"minecraft:dirt":35,"minecraft:snowball":3,"minecraft:moss_carpet":1,"minecraft:stone_sword":1,"minecraft:twisting_vines":2,"minecraft:rotten_flesh":6,"minecraft:clay_ball":1,"iceandfire:dragon_skull_ice":1,"minecraft:poppy":2,"minecraft:big_dripleaf":2,"minecraft:leather_chestplate":2,"graveyard:small_cyan_urn":1,"minecraft:potato":18,"minecraft:tipped_arrow":1,"croptopia:roe":4,"minecraft:spider_eye":1,"minecraft:arrow":3,"minecraft:stone_pickaxe":1,"minecraft:wooden_pickaxe":1},"minecraft:killed_by":{"alexsmobs:froststalker":1,"alexsmobs:tusklin":3,"minecraft:skeleton":2,"artifacts:mimic":1,"graveyard:revenant":1,"alexsmobs:moose":1},"minecraft:used":{"minecraft:moss_block":2,"minecraft:stone_sword":46,"minecraft:spruce_planks":1,"minecraft:shield":65,"minecraft:iron_sword":64,"minecraft:rotten_flesh":4,"simpletomb:grave_key":19,"minecraft:torch":13,"minecraft:dirt":2,"minecraft:carrot":1,"minecraft:barrel":1,"minecraft:diamond_chestplate":1,"minecraft:sweet_berries":10,"minecraft:potato":5,"minecraft:cobbled_deepslate":39,"minecraft:water_bucket":1,"minecraft:stone_pickaxe":9,"minecraft:baked_potato":12,"minecraft:oak_planks":15,"minecraft:wooden_pickaxe":14,"iceandfire:armor_silver_metal_boots":1,"minecraft:glow_berries":57,"minecraft:crafting_table":5,"minecraft:white_bed":1,"minecraft:bread":15,"minecraft:iron_pickaxe":208,"minecraft:diamond_sword":94,"minecraft:cobblestone":23,"minecraft:cooked_rabbit":6,"alexsmobs:animal_dictionary":2,"minecraft:experience_bottle":6,"minecraft:diamond_leggings":1,"minecraft:bone_meal":9}},"DataVersion":3465}