{"stats":{"minecraft:custom":{"minecraft:sprint_one_cm":469,"minecraft:deaths":1,"minecraft:time_since_rest":4676,"minecraft:crouch_one_cm":228,"minecraft:play_time":18149,"minecraft:damage_taken":390,"minecraft:walk_one_cm":51167,"minecraft:sneak_time":37,"minecraft:mob_kills":1,"minecraft:boat_one_cm":87218,"minecraft:jump":33,"minecraft:damage_dealt":262,"minecraft:time_since_death":4645,"minecraft:total_world_time":18149,"minecraft:fall_one_cm":269,"minecraft:interact_with_crafting_table":3,"minecraft:fly_one_cm":183},"minecraft:mined":{"minecraft:oak_log":17,"minecraft:birch_planks":8,"minecraft:oak_sapling":2,"minecraft:dirt":3,"minecraft:oak_planks":4,"minecraft:oak_leaves":5},"minecraft:crafted":{"minecraft:oak_door":3,"minecraft:oak_planks":36,"minecraft:birch_boat":1},"minecraft:killed_by":{"minecraft:skeleton":1},"minecraft:used":{"minecraft:oak_door":1,"minecraft:stone_sword":13,"minecraft:oak_sapling":1,"minecraft:oak_planks":14,"minecraft:birch_boat":1,"minecraft:cooked_beef":1},"minecraft:picked_up":{"minecraft:stone_sword":1,"minecraft:cooked_beef":3,"minecraft:birch_planks":8,"minecraft:oak_log":16,"minecraft:oak_sapling":2,"minecraft:oak_planks":6,"minecraft:dirt":1,"minecraft:cobblestone":1},"minecraft:killed":{"minecraft:spider":1}},"DataVersion":4082}