{"stats":{"minecraft:custom":{"minecraft:time_since_rest":15362,"minecraft:interact_with_furnace":1,"minecraft:damage_taken":415,"minecraft:sprint_one_cm":25553,"minecraft:walk_one_cm":106795,"minecraft:mob_kills":12,"minecraft:damage_dealt":1413,"minecraft:swim_one_cm":13464,"minecraft:interact_with_crafting_table":3,"minecraft:fly_one_cm":1822,"minecraft:crouch_one_cm":228,"minecraft:play_time":28835,"minecraft:deaths":1,"minecraft:sneak_time":46,"minecraft:walk_under_water_one_cm":381,"minecraft:boat_one_cm":87218,"minecraft:jump":92,"minecraft:leave_game":1,"minecraft:time_since_death":15331,"minecraft:walk_on_water_one_cm":5456,"minecraft:total_world_time":28835,"minecraft:fall_one_cm":873},"minecraft:mined":{"minecraft:birch_planks":8,"minecraft:white_bed":1,"minecraft:oak_sapling":2,"minecraft:dandelion":1,"minecraft:short_grass":65,"minecraft:oak_log":47,"minecraft:dirt":3,"minecraft:tall_grass":4,"minecraft:oak_planks":4,"minecraft:oak_leaves":5},"minecraft:crafted":{"minecraft:oak_door":3,"minecraft:oak_planks":36,"minecraft:birch_boat":1},"minecraft:killed_by":{"minecraft:skeleton":1},"minecraft:used":{"minecraft:stone_sword":13,"minecraft:oak_planks":14,"minecraft:birch_boat":1,"minecraft:stone_axe":22,"minecraft:oak_door":1,"minecraft:oak_sapling":1,"minecraft:cooked_beef":1},"minecraft:picked_up":{"minecraft:cooked_beef":3,"minecraft:leather":3,"minecraft:dandelion":1,"minecraft:birch_planks":8,"minecraft:porkchop":10,"minecraft:oak_log":46,"minecraft:dirt":1,"minecraft:stone_sword":1,"minecraft:stone_axe":1,"minecraft:wheat_seeds":6,"minecraft:beef":9,"minecraft:oak_sapling":3,"minecraft:mutton":3,"minecraft:oak_planks":6,"minecraft:white_wool":2,"minecraft:cobblestone":1},"minecraft:killed":{"minecraft:sheep":2,"minecraft:pig":5,"minecraft:spider":1,"minecraft:cow":4}},"DataVersion":4082}